date,cape
1881-01-01,18.47395230140494
1881-02-01,18.14725816499023
1881-03-01,18.27011914020499
1881-04-01,17.95010827822289
1881-05-01,18.869718693152592
1881-06-01,19.02871073111578
1881-07-01,18.116367187389734
1881-08-01,17.286243553973446
1881-09-01,16.724836648772897
1881-10-01,16.261989411181354
1881-11-01,16.47864231664487
1881-12-01,15.95875420610508
1882-01-01,15.678764160028743
1882-02-01,15.153861528363038
1882-03-01,15.091670299486744
1882-04-01,14.916997168375302
1882-05-01,14.567103202191758
1882-06-01,14.327404890131673
1882-07-01,15.240559761217828
1882-08-01,15.525429331463034
1882-09-01,16.081106624462315
1882-10-01,15.75558103052656
1882-11-01,15.19267031316534
1882-12-01,15.382128332081969
1883-01-01,15.27025911909857
1883-02-01,14.75759014617622
1883-03-01,15.05125412140164
1883-04-01,15.482067222036674
1883-05-01,15.335497637337069
1883-06-01,15.903388388583796
1883-07-01,15.948783127017029
1883-08-01,15.196810876629849
1883-09-01,15.494692425793458
1883-10-01,15.04805627022384
1883-11-01,15.408218142448874
1883-12-01,14.896403941887169
1884-01-01,14.432821721970727
1884-02-01,14.805960228816714
1884-03-01,14.736023454014472
1884-04-01,14.353453682579476
1884-05-01,13.46505031380491
1884-06-01,12.906876483666863
1884-07-01,13.043931585991672
1884-08-01,13.859813341769325
1884-09-01,13.569154744335725
1884-10-01,13.27325131913416
1884-11-01,13.304437602119732
1884-12-01,13.432292746944762
1885-01-01,13.129817425635968
1885-02-01,13.384817593597964
1885-03-01,13.734194093452514
1885-04-01,13.54854854103006
1885-05-01,13.71137187256194
1885-06-01,13.978784368698356
1885-07-01,14.32665877708933
1885-08-01,15.130410796707158
1885-09-01,15.11628502872425
1885-10-01,15.991023962168986
1885-11-01,16.824034498619024
1885-12-01,16.30447595227853
1886-01-01,16.69231747079766
1886-02-01,17.006648259461006
1886-03-01,16.843266101570144
1886-04-01,16.801716131246312
1886-05-01,16.86319551509784
1886-06-01,17.83149405537689
1886-07-01,17.84584504153222
1886-08-01,17.72391279961928
1886-09-01,18.14714392580004
1886-10-01,18.562381342866576
1886-11-01,18.968312634942848
1886-12-01,18.19405755688645
1887-01-01,17.512222096304964
1887-02-01,17.125366596972327
1887-03-01,17.473213711513765
1887-04-01,17.822983639100723
1887-05-01,18.07544542745825
1887-06-01,17.707695663272997
1887-07-01,17.431460535613088
1887-08-01,16.73984961482072
1887-09-01,16.676629667380155
1887-10-01,15.880666812517322
1887-11-01,15.950712201066784
1887-12-01,15.455513454469951
1888-01-01,15.358662514259915
1888-02-01,15.418178318820546
1888-03-01,14.80897236694658
1888-04-01,15.020108681844471
1888-05-01,15.38791695722914
1888-06-01,15.077628818434698
1888-07-01,15.279642515498182
1888-08-01,15.602911670088815
1888-09-01,15.987828821761426
1888-10-01,15.715941874329712
1888-11-01,15.22374901694629
1888-12-01,14.946748301089237
1889-01-01,15.802286071028169
1889-02-01,16.192720447849002
1889-03-01,16.065045360769297
1889-04-01,16.050104533967488
1889-05-01,16.915421076068384
1889-06-01,17.21930294394769
1889-07-01,16.889214491107516
1889-08-01,17.131853975345734
1889-09-01,17.3507880263486
1889-10-01,17.053214402955494
1889-11-01,16.90602117024937
1889-12-01,16.61033807660339
1890-01-01,17.220071982181903
1890-02-01,17.02681498267141
1890-03-01,16.90112228858991
1890-04-01,17.257854542603198
1890-05-01,17.786430487858624
1890-06-01,17.684360844450165
1890-07-01,17.589295440864863
1890-08-01,16.5967911339791
1890-09-01,16.16970200061531
1890-10-01,15.48284916334444
1890-11-01,14.745043493292805
1890-12-01,14.44299123133844
1891-01-01,15.4289800864691
1891-02-01,15.476522332432545
1891-03-01,15.051623357657386
1891-04-01,15.408945125474125
1891-05-01,15.566495230713256
1891-06-01,15.658211395638151
1891-07-01,15.617919238645992
1891-08-01,16.16399850996304
1891-09-01,17.71126141325653
1891-10-01,17.71656858982637
1891-11-01,17.671739174764006
1891-12-01,18.20630300020994
1892-01-01,19.01638840422528
1892-02-01,19.03642504097844
1892-03-01,19.738054849323017
1892-04-01,19.94326524163865
1892-05-01,19.91146521348981
1892-06-01,19.769284397136747
1892-07-01,19.21188643450556
1892-08-01,19.204303803173826
1892-09-01,18.6942718095882
1892-10-01,19.04021491532471
1892-11-01,18.4633126908
1892-12-01,18.01300925127574
1893-01-01,17.65664370809878
1893-02-01,17.125193854872453
1893-03-01,16.899589031582327
1893-04-01,17.102541578254918
1893-05-01,15.78098731077625
1893-06-01,15.41650386359769
1893-07-01,14.349854182760948
1893-08-01,14.58805653580781
1893-09-01,15.012069079138762
1893-10-01,15.271794153520185
1893-11-01,15.942411400571672
1893-12-01,15.612694335464932
1894-01-01,15.73986935194822
1894-02-01,16.20273659644992
1894-03-01,17.187622088121927
1894-04-01,17.434849078052448
1894-05-01,16.808751920918002
1894-06-01,16.60631969529252
1894-07-01,16.289679714916947
1894-08-01,16.45777707299836
1894-09-01,16.522315444877208
1894-10-01,16.50290420570842
1894-11-01,16.542784447444543
1894-12-01,16.67246633376772
1895-01-01,16.524443935162704
1895-02-01,16.3312376932114
1895-03-01,16.36462542717479
1895-04-01,16.387543823686293
1895-05-01,17.080369553382383
1895-06-01,17.20741353978338
1895-07-01,17.54601464874055
1895-08-01,18.074072547241787
1895-09-01,18.200335946605456
1895-10-01,17.944706622466466
1895-11-01,17.342998991921686
1895-12-01,16.54841515666795
1896-01-01,16.576224828568176
1896-02-01,17.515403352637264
1896-03-01,17.232362712298603
1896-04-01,17.643699378129995
1896-05-01,17.82826689423282
1896-06-01,17.777578616430457
1896-07-01,16.637100103394577
1896-08-01,15.70337054622687
1896-09-01,16.544339943032014
1896-10-01,16.43886680472588
1896-11-01,17.089425242371114
1896-12-01,16.501404180590086
1897-01-01,17.026521282380553
1897-02-01,16.89402588325409
1897-03-01,16.95803071672104
1897-04-01,16.69685743473466
1897-05-01,17.047755129229383
1897-06-01,17.85049728069061
1897-07-01,18.651975755820285
1897-08-01,19.00639601051944
1897-09-01,19.372370293397797
1897-10-01,19.02803122390242
1897-11-01,18.358448098050214
1897-12-01,18.748757662525502
1898-01-01,19.249000021813757
1898-02-01,18.91813188800214
1898-03-01,18.04217492346868
1898-04-01,17.705089426411774
1898-05-01,17.595635274512816
1898-06-01,19.544817480548
1898-07-01,19.858943014167306
1898-08-01,20.54491517915328
1898-09-01,20.4427328626913
1898-10-01,19.94719982577366
1898-11-01,20.5274163248113
1898-12-01,21.403631985448182
1899-01-01,22.932807416487183
1899-02-01,23.0481175499802
1899-03-01,23.279682245508727
1899-04-01,23.15242152568649
1899-05-01,22.091269360834197
1899-06-01,21.21209192504684
1899-07-01,21.561425634523125
1899-08-01,21.72623737305546
1899-09-01,20.59114051411378
1899-10-01,20.15371346068661
1899-11-01,20.1964575208023
1899-12-01,18.5126496436002
1900-01-01,18.674275362444785
1900-02-01,18.70379741725144
1900-03-01,18.775793421238376
1900-04-01,18.93640203332273
1900-05-01,18.40319701695041
1900-06-01,17.99271158430398
1900-07-01,17.689545468952804
1900-08-01,18.069614666784197
1900-09-01,17.34187415122471
1900-10-01,18.10239878455605
1900-11-01,19.41958460376076
1900-12-01,20.74405116087085
1901-01-01,20.978581834536197
1901-02-01,21.679149848206198
1901-03-01,22.34758395068385
1901-04-01,24.409716994827217
1901-05-01,23.064012684863563
1901-06-01,25.238466205960343
1901-07-01,23.144848553708112
1901-08-01,23.07717771384438
1901-09-01,22.59046831686025
1901-10-01,22.25290161840893
1901-11-01,22.37507477765281
1901-12-01,21.68021514102968
1902-01-01,22.34029079603357
1902-02-01,22.459957452460408
1902-03-01,22.410652288217342
1902-04-01,22.82310869849785
1902-05-01,22.427954493329803
1902-06-01,21.963742295514628
1902-07-01,22.385686589401377
1902-08-01,23.168671834092876
1902-09-01,22.85656638195451
1902-10-01,20.604425401859817
1902-11-01,20.408541255072187
1902-12-01,19.63323212682385
1903-01-01,20.3181320538285
1903-02-01,20.107051517552808
1903-03-01,19.88456038487284
1903-04-01,18.980022601826267
1903-05-01,18.95485872303988
1903-06-01,17.81855172296852
1903-07-01,16.91817841476666
1903-08-01,16.2991187909035
1903-09-01,15.65435911519692
1903-10-01,15.25294382577884
1903-11-01,15.407877534297898
1903-12-01,16.042894140050144
1904-01-01,15.861833914033642
1904-02-01,15.02149838033144
1904-03-01,15.081930176258869
1904-04-01,15.565490611691484
1904-05-01,15.52582089625464
1904-06-01,15.474433638652656
1904-07-01,16.036401629624113
1904-08-01,16.304651978851034
1904-09-01,16.74260004916369
1904-10-01,17.633197370821403
1904-11-01,18.07620022377007
1904-12-01,18.159679118703203
1905-01-01,18.459852032455853
1905-02-01,19.168996375829835
1905-03-01,19.831506074218424
1905-04-01,19.48292752471129
1905-05-01,18.62948750984513
1905-06-01,18.735862386183538
1905-07-01,19.205883309548053
1905-08-01,19.573308430803724
1905-09-01,19.74349241969778
1905-10-01,19.89739481432953
1905-11-01,19.443525693264984
1905-12-01,19.577960809096112
1906-01-01,20.132402260807893
1906-02-01,19.866752563675888
1906-03-01,19.25945302085411
1906-04-01,18.87620499611588
1906-05-01,18.054044460926395
1906-06-01,18.172666376497496
1906-07-01,18.19520014351375
1906-08-01,18.967251477549294
1906-09-01,19.20099368200136
1906-10-01,18.095380908869096
1906-11-01,18.14185165400796
1906-12-01,17.660003667768652
1907-01-01,17.218913853705978
1907-02-01,16.217071288766146
1907-03-01,14.687545255978645
1907-04-01,14.66970990560273
1907-05-01,13.79010715342424
1907-06-01,13.1442699526732
1907-07-01,13.585007357961835
1907-08-01,12.513471604446607
1907-09-01,12.328569657736622
1907-10-01,10.8318401530506
1907-11-01,10.59117755918978
1907-12-01,11.333306235811166
1908-01-01,11.902968628266972
1908-02-01,11.55484629514479
1908-03-01,11.984662664464292
1908-04-01,12.448889158370363
1908-05-01,13.07845135543834
1908-06-01,13.051684129229988
1908-07-01,13.3454871048344
1908-08-01,13.88423289520861
1908-09-01,13.701442268825112
1908-10-01,13.690810359178707
1908-11-01,14.435014091256262
1908-12-01,14.582482908962438
1909-01-01,14.76441845644136
1909-02-01,14.167157516701366
1909-03-01,14.33605838058622
1909-04-01,14.645198603086122
1909-05-01,14.953509786582782
1909-06-01,15.040444676080996
1909-07-01,15.231503240497684
1909-08-01,15.41758070625476
1909-09-01,15.25444643682118
1909-10-01,14.988845296121768
1909-11-01,14.74563117682459
1909-12-01,14.750638489265036
1910-01-01,14.547885040564148
1910-02-01,14.002037903032702
1910-03-01,14.050006965077824
1910-04-01,13.55988362082008
1910-05-01,13.568792287251451
1910-06-01,13.019657302315943
1910-07-01,12.34258125998522
1910-08-01,12.745055150886254
1910-09-01,12.937161101070847
1910-10-01,13.918866656445816
1910-11-01,14.164523175780351
1910-12-01,13.74147841778155
1911-01-01,14.049215181401202
1911-02-01,14.721488469928302
1911-03-01,14.370623221979534
1911-04-01,14.752935420329353
1911-05-01,15.047660591685045
1911-06-01,15.328355684719284
1911-07-01,15.08311057870027
1911-08-01,13.899790665654448
1911-09-01,12.997953983252437
1911-10-01,13.066472850619194
1911-11-01,13.727997586413094
1911-12-01,13.929258419578236
1912-01-01,13.794952631845822
1912-02-01,13.531634369686596
1912-03-01,13.639769173944169
1912-04-01,13.654392690553232
1912-05-01,13.645500685612369
1912-06-01,13.785417404502525
1912-07-01,13.802876645015786
1912-08-01,13.984761763426272
1912-09-01,13.92628500131587
1912-10-01,13.905092701178464
1912-11-01,13.74954101860653
1912-12-01,13.388999452579627
1913-01-01,13.148088791761555
1913-02-01,12.682960516236756
1913-03-01,12.443453515183656
1913-04-01,12.433067081795162
1913-05-01,12.221401061154124
1913-06-01,11.491962852761224
1913-07-01,11.534022795459858
1913-08-01,11.846840543564626
1913-09-01,11.843316826625973
1913-10-01,11.471490240312288
1913-11-01,11.072537845038006
1913-12-01,11.17404087003679
1914-01-01,11.636092105046131
1914-02-01,11.910233879798238
1914-03-01,11.685526018836828
1914-04-01,11.522662536200237
1914-05-01,11.47900869416448
1914-06-01,11.428715168831886
1914-07-01,10.694345183040136
1914-08-01,10.492046265076436
1914-09-01,10.500497301802133
1914-10-01,10.61275946612622
1914-11-01,10.51691764299212
1914-12-01,10.17221799199786
1915-01-01,10.359834197757266
1915-02-01,10.32978620966069
1915-03-01,10.70701318868281
1915-04-01,11.401123789000184
1915-05-01,11.02692987647131
1915-06-01,11.154262189096338
1915-07-01,11.1136293939496
1915-08-01,11.584831641604596
1915-09-01,12.011570757825888
1915-10-01,12.549076133220147
1915-11-01,12.857714453559309
1915-12-01,12.87844460218598
1916-01-01,12.543563692516168
1916-02-01,12.354652326458789
1916-03-01,12.177052795748478
1916-04-01,11.90648177659318
1916-05-01,12.026256671905156
1916-06-01,11.995961222946578
1916-07-01,11.791165275254547
1916-08-01,11.73208263887416
1916-09-01,11.94455241750447
1916-10-01,12.045741763370795
1916-11-01,12.053230403230495
1916-12-01,11.41355918884949
1917-01-01,10.992361427383424
1917-02-01,10.063187738735728
1917-03-01,10.327157080107876
1917-04-01,9.644531197281234
1917-05-01,9.138988813373578
1917-06-01,9.148220259539585
1917-07-01,9.003472377228805
1917-08-01,8.57268046675378
1917-09-01,7.950823264217066
1917-10-01,7.387133711108147
1917-11-01,6.753013604774308
1917-12-01,6.412593898119818
1918-01-01,6.640646028655352
1918-02-01,6.784343551630282
1918-03-01,6.686355760455894
1918-04-01,6.520727730547159
1918-05-01,6.5823632316210805
1918-06-01,6.496291318641057
1918-07-01,6.371324093848989
1918-08-01,6.303073760914594
1918-09-01,6.149170562431681
1918-10-01,6.290515321191322
1918-11-01,6.3333274953541565
1918-12-01,6.134580411283435
1919-01-01,6.098467639950106
1919-02-01,6.2396927713649815
1919-03-01,6.3560740048691455
1919-04-01,6.456139555819275
1919-05-01,6.829002261482033
1919-06-01,7.021615214784134
1919-07-01,7.052837165446312
1919-08-01,6.47913110170528
1919-09-01,6.558481672061264
1919-10-01,6.794704199949302
1919-11-01,6.467022574133132
1919-12-01,6.160717033799176
1920-01-01,5.9896677711394375
1920-02-01,5.455347649907771
1920-03-01,5.798822727557157
1920-04-01,5.599858725506185
1920-05-01,5.188950462047495
1920-06-01,5.043639680451618
1920-07-01,5.080592919540795
1920-08-01,5.0207010779228565
1920-09-01,5.297162770108058
1920-10-01,5.351177393424155
1920-11-01,5.126407930947925
1920-12-01,4.784241045083248
1921-01-01,5.122184146887374
1921-02-01,5.274857191205047
1921-03-01,5.192348158684177
1921-04-01,5.297085922739674
1921-05-01,5.609469225330775
1921-06-01,5.21611096098932
1921-07-01,5.197779361905469
1921-08-01,5.16129482321573
1921-09-01,5.377524425458256
1921-10-01,5.4792576780533455
1921-11-01,5.83819699320089
1921-12-01,6.11415884941727
1922-01-01,6.287087290347128
1922-02-01,6.461305872696983
1922-03-01,6.82138724903604
1922-04-01,7.273253390209859
1922-05-01,7.593467258919378
1922-06-01,7.557987351755127
1922-07-01,7.602095045774032
1922-08-01,8.020030689895775
1922-09-01,8.265083002284303
1922-10-01,8.432151998761896
1922-11-01,7.998253772269837
1922-12-01,7.964679864939999
1923-01-01,8.154200483069156
1923-02-01,8.533360579065967
1923-03-01,8.700737500978533
1923-04-01,8.372809668463814
1923-05-01,8.00049786759821
1923-06-01,7.671825282673079
1923-07-01,7.34598511949065
1923-08-01,7.44178317421737
1923-09-01,7.458183867189794
1923-10-01,7.317400395621481
1923-11-01,7.546327911916236
1923-12-01,7.809739144938745
1924-01-01,8.07224944603738
1924-02-01,8.16206622085036
1924-03-01,8.058077044116095
1924-04-01,7.923620348327982
1924-05-01,7.899698330665295
1924-06-01,8.051676946396649
1924-07-01,8.377712139971836
1924-08-01,8.717418308548332
1924-09-01,8.581670375209054
1924-10-01,8.419491035872428
1924-11-01,8.888327361250973
1924-12-01,9.310639680416376
1925-01-01,9.692618852254997
1925-02-01,9.830804722819575
1925-03-01,9.518537538810032
1925-04-01,9.476566787903067
1925-05-01,9.72900769402133
1925-06-01,9.796386180450613
1925-07-01,9.963993891787798
1925-08-01,10.11091845848894
1925-09-01,10.3592476113485
1925-10-01,10.718495997022927
1925-11-01,10.88631744030793
1925-12-01,11.14736523913725
1926-01-01,11.340966188506233
1926-02-01,11.389435672748007
1926-03-01,10.712352062732482
1926-04-01,10.395587685954728
1926-05-01,10.575158463806096
1926-06-01,11.197979740229954
1926-07-01,11.869694058481278
1926-08-01,12.488808219521877
1926-09-01,12.692614823344718
1926-10-01,12.426517521583348
1926-11-01,12.615251212344482
1926-12-01,13.009052728993131
1927-01-01,13.185930628677792
1927-02-01,13.633966132216212
1927-03-01,14.033257507604494
1927-04-01,14.488222209157056
1927-05-01,15.002347055737118
1927-06-01,15.12033348174753
1927-07-01,15.820802594477753
1927-08-01,16.86286185276381
1927-09-01,17.818723713516423
1927-10-01,17.53723785226109
1927-11-01,18.13130143495243
1927-12-01,18.646624021402527
1928-01-01,18.80612857170077
1928-02-01,18.86885051958404
1928-03-01,19.94341779906454
1928-04-01,21.257909249487497
1928-05-01,21.83273217874003
1928-06-01,20.913421576866707
1928-07-01,21.081905435296797
1928-08-01,21.76213150257924
1928-09-01,23.004649446159235
1928-10-01,23.578344239585043
1928-11-01,25.121984571109596
1928-12-01,25.301591027426145
1929-01-01,27.08319962083277
1929-02-01,27.13167279824738
1929-03-01,27.67574843786188
1929-04-01,27.5684544728983
1929-05-01,27.69858687500813
1929-06-01,27.935467830288687
1929-07-01,29.933289406842214
1929-08-01,31.480313247173004
1929-09-01,32.5637885987767
1929-10-01,28.96106716435479
1929-11-01,21.17103600009704
1929-12-01,22.007373176418334
1930-01-01,22.310724294336847
1930-02-01,23.69711774933588
1930-03-01,24.58660779266885
1930-04-01,25.843436862018308
1930-05-01,24.30976063390817
1930-06-01,21.866899333389476
1930-07-01,21.548797592546645
1930-08-01,21.300602241118145
1930-09-01,21.07258178844731
1930-10-01,18.214870154658627
1930-11-01,16.93971137777516
1930-12-01,16.05500185653132
1931-01-01,16.705478731547604
1931-02-01,18.161492436976086
1931-03-01,18.579561032791283
1931-04-01,16.87231533160966
1931-05-01,15.401539999110106
1931-06-01,15.06247607464324
1931-07-01,15.516750095516311
1931-08-01,15.006276602886537
1931-09-01,12.81774526110688
1931-10-01,11.145926407660928
1931-11-01,11.415600295644674
1931-12-01,9.306032867968314
1932-01-01,9.312406455177843
1932-02-01,9.3369322510084
1932-03-01,9.413065028012207
1932-04-01,7.192233196115484
1932-05-01,6.390857289881442
1932-06-01,5.565059371528964
1932-07-01,5.838763671851199
1932-08-01,8.83465320518121
1932-09-01,9.761168564063706
1932-10-01,8.478606607689082
1932-11-01,8.463309567122897
1932-12-01,8.25707399910068
1933-01-01,8.728046162813529
1933-02-01,7.826051751316596
1933-03-01,7.874681322943168
1933-04-01,8.723101646068113
1933-05-01,11.249651251932448
1933-06-01,13.09887551726952
1933-07-01,13.754304493874534
1933-08-01,12.999527050367735
1933-09-01,12.922920614885996
1933-10-01,11.696253568143696
1933-11-01,12.01176619338994
1933-12-01,12.28180162260112
1934-01-01,13.02511982833238
1934-02-01,13.9269229042743
1934-03-01,13.25453762974009
1934-04-01,13.518389284490098
1934-05-01,12.181583235024029
1934-06-01,12.287726483952428
1934-07-01,11.741524229318248
1934-08-01,11.315025981829052
1934-09-01,10.909954083288849
1934-10-01,11.108352605351731
1934-11-01,11.448808690205704
1934-12-01,11.639337566475886
1935-01-01,11.495907968201596
1935-02-01,11.087812159055565
1935-03-01,10.398272404790031
1935-04-01,11.104210207149524
1935-05-01,11.9855766834801
1935-06-01,12.539519324443896
1935-07-01,13.202137936511017
1935-08-01,14.105056846668958
1935-09-01,14.41889170270744
1935-10-01,14.826232627114097
1935-11-01,16.12960516325115
1935-12-01,16.159192714615337
1936-01-01,17.087359845997245
1936-02-01,18.1045364595178
1936-03-01,18.66047820392603
1936-04-01,18.7189996651515
1936-05-01,17.750192519328646
1936-06-01,18.39300106583135
1936-07-01,19.360464512319144
1936-08-01,19.62306016298376
1936-09-01,19.86202424328763
1936-10-01,20.913091852533125
1936-11-01,21.49976534102416
1936-12-01,21.125663548155444
1937-01-01,21.61874158295351
1937-02-01,22.244221552805165
1937-03-01,22.042197016050576
1937-04-01,20.556579457432864
1937-05-01,19.47417468657211
1937-06-01,18.711659960364965
1937-07-01,19.646723279607627
1937-08-01,19.806982577380964
1937-09-01,16.847882862705806
1937-10-01,14.361659574753352
1937-11-01,13.158119166486063
1937-12-01,13.008483033706137
1938-01-01,13.511461918562418
1938-02-01,13.26307623646087
1938-03-01,12.37728623469769
1938-04-01,11.789517720684184
1938-05-01,11.992275930545691
1938-06-01,12.288966307788131
1938-07-01,14.77032801749207
1938-08-01,14.903588512604363
1938-09-01,14.282330508639967
1938-10-01,16.06114764333344
1938-11-01,16.149571800715517
1938-12-01,15.756484438994006
1939-01-01,15.599634410919288
1939-02-01,15.664696928954772
1939-03-01,15.729223743214227
1939-04-01,13.916994579812403
1939-05-01,14.502929499657776
1939-06-01,14.833828921489786
1939-07-01,15.270952598570258
1939-08-01,15.120082343333989
1939-09-01,16.452835577060963
1939-10-01,16.82120480626564
1939-11-01,16.59923850994664
1939-12-01,16.280412901283842
1940-01-01,16.37848034261367
1940-02-01,16.216119847731054
1940-03-01,16.172906305307897
1940-04-01,16.370988707128785
1940-05-01,14.138747694800731
1940-06-01,12.843765598268808
1940-07-01,13.36988476321006
1940-08-01,13.649399392391642
1940-09-01,14.214842598620642
1940-10-01,14.32829032310496
1940-11-01,14.636689248763613
1940-12-01,13.908426122353838
1941-01-01,13.904158267950832
1941-02-01,13.002943303402448
1941-03-01,12.955719822063331
1941-04-01,12.429370389220786
1941-05-01,12.037206512481578
1941-06-01,12.164306590628442
1941-07-01,12.744996277919585
1941-08-01,12.46317372038781
1941-09-01,12.27972927209308
1941-10-01,11.57781495657408
1941-11-01,10.911668685916966
1941-12-01,10.086593309917903
1942-01-01,10.101686431929252
1942-02-01,9.68025559174936
1942-03-01,9.003426617760969
1942-04-01,8.544255707588261
1942-05-01,8.50611625969605
1942-06-01,8.90545692851805
1942-07-01,9.15048890099474
1942-08-01,9.012823047564297
1942-09-01,9.077829839371503
1942-10-01,9.599176749352992
1942-11-01,9.661334152171664
1942-12-01,9.61751410328318
1943-01-01,10.150534220432082
1943-02-01,10.708982995221266
1943-03-01,10.850541744036802
1943-04-01,11.039227142939692
1943-05-01,11.362215800613695
1943-06-01,11.51674478645123
1943-07-01,11.774213341781651
1943-08-01,11.210545904158964
1943-09-01,11.336281939610284
1943-10-01,11.187335503326029
1943-11-01,10.631033673001417
1943-12-01,10.73736031604107
1944-01-01,11.05241276397747
1944-02-01,10.94791888772472
1944-03-01,11.22469319618068
1944-04-01,10.938275188239396
1944-05-01,11.103736936792616
1944-06-01,11.5327852725325
1944-07-01,11.73877475018071
1944-08-01,11.541711674209218
1944-09-01,11.32856058469647
1944-10-01,11.583105186279123
1944-11-01,11.47845919805548
1944-12-01,11.63868359335513
1945-01-01,11.960463439806992
1945-02-01,12.341753548186317
1945-03-01,12.32331031138933
1945-04-01,12.631867236563076
1945-05-01,13.036560628785356
1945-06-01,13.130223361406054
1945-07-01,12.86702844300916
1945-08-01,12.915378562256745
1945-09-01,13.79826495171978
1945-10-01,14.374662675391342
1945-11-01,14.847702661876786
1945-12-01,15.02034747473997
1946-01-01,15.623163177761676
1946-02-01,15.761666525801909
1946-03-01,15.134873415142536
1946-04-01,16.040842386215918
1946-05-01,16.01372317083218
1946-06-01,15.773186880128746
1946-07-01,14.508136111909067
1946-08-01,13.98493930994276
1946-09-01,11.841267540149635
1946-10-01,11.387602961765053
1946-11-01,11.110043656743295
1946-12-01,11.372779425862708
1947-01-01,11.469296334735576
1947-02-01,11.949565314209435
1947-03-01,11.287903096501283
1947-04-01,10.900825126392675
1947-05-01,10.733674273688536
1947-06-01,11.082715855052095
1947-07-01,11.696446553354363
1947-08-01,11.33747235532983
1947-09-01,10.827463017228837
1947-10-01,11.132662042754786
1947-11-01,10.975407324839072
1947-12-01,10.68091253196919
1948-01-01,10.419342657320325
1948-02-01,9.999761169144184
1948-03-01,10.186680609489674
1948-04-01,10.77948448202462
1948-05-01,11.24103269798444
1948-06-01,11.583895756523845
1948-07-01,11.134621739180933
1948-08-01,10.723556662478131
1948-09-01,10.55301368939916
1948-10-01,10.825409809169496
1948-11-01,10.248096205635573
1948-12-01,10.159652938900916
1949-01-01,10.24828575803898
1949-02-01,9.87251714057006
1949-03-01,9.901332491240924
1949-04-01,9.78363986754406
1949-05-01,9.692295086395816
1949-06-01,9.067718943419536
1949-07-01,9.605038093363923
1949-08-01,9.851348638079234
1949-09-01,9.884048361738287
1949-10-01,10.169850844772146
1949-11-01,10.21586101165065
1949-12-01,10.529330904131148
1950-01-01,10.745733299747911
1950-02-01,10.911564066731684
1950-03-01,10.910946522976255
1950-04-01,11.178021600956098
1950-05-01,11.461543104586232
1950-06-01,11.554126144044288
1950-07-01,10.539745658930991
1950-08-01,11.04061167026154
1950-09-01,11.3373911022773
1950-10-01,11.662444039105264
1950-11-01,11.542173388716298
1950-12-01,11.30666578889076
1951-01-01,11.89575983943707
1951-02-01,12.141507370682692
1951-03-01,11.841626487283095
1951-04-01,11.95109719708396
1951-05-01,11.863875406269177
1951-06-01,11.61566485702518
1951-07-01,11.778190092457807
1951-08-01,12.256989084145143
1951-09-01,12.44495315715004
1951-10-01,12.309457904118688
1951-11-01,11.85203061777104
1951-12-01,12.147072568106775
1952-01-01,12.527059748172295
1952-02-01,12.36411935046109
1952-03-01,12.362339087390364
1952-04-01,12.24272868326688
1952-05-01,12.200478761945837
1952-06-01,12.447881581789366
1952-07-01,12.66911288962248
1952-08-01,12.67837823632862
1952-09-01,12.434678020425505
1952-10-01,12.13118355868687
1952-11-01,12.47346976551531
1952-12-01,12.933964306161371
1953-01-01,13.010773447995184
1953-02-01,12.859346880687902
1953-03-01,12.83481934009249
1953-04-01,12.1639014540068
1953-05-01,12.14197079186778
1953-06-01,11.62440788547008
1953-07-01,11.750201645309998
1953-08-01,11.715076201734
1953-09-01,11.13934935726292
1953-10-01,11.391934765421407
1953-11-01,11.644070268505766
1953-12-01,11.75444918402729
1954-01-01,12.002650554927824
1954-02-01,12.215052485432834
1954-03-01,12.420105295189968
1954-04-01,12.907868184060913
1954-05-01,13.312042238025851
1954-06-01,13.357885903658993
1954-07-01,13.833009564245325
1954-08-01,14.042112347320572
1954-09-01,14.356474143296971
1954-10-01,14.61923193573056
1954-11-01,15.117311697434385
1954-12-01,15.78906200232708
1955-01-01,15.990781062969829
1955-02-01,16.437728215987107
1955-03-01,16.21928294553779
1955-04-01,16.685266628063495
1955-05-01,16.518057827257792
1955-06-01,17.3700919634053
1955-07-01,18.454031906632867
1955-08-01,18.222326463047743
1955-09-01,18.843960654261306
1955-10-01,17.772325789386088
1955-11-01,18.83555928827389
1955-12-01,18.94236903581357
1956-01-01,18.29258538541889
1956-02-01,18.266116815127777
1956-03-01,19.37121009929996
1956-04-01,19.370593634578498
1956-05-01,18.544506591754438
1956-06-01,18.158163846958697
1956-07-01,18.856797596896783
1956-08-01,18.670937110186426
1956-09-01,17.83664079631202
1956-10-01,17.41895294863613
1956-11-01,17.120339736628257
1956-12-01,17.197522725560923
1957-01-01,16.717780078533007
1957-02-01,15.843733142229745
1957-03-01,15.900417108869163
1957-04-01,16.123704360211754
1957-05-01,16.59811078911426
1957-06-01,16.729918872472865
1957-07-01,16.868882383979795
1957-08-01,15.86894272945224
1957-09-01,15.15727448896221
1957-10-01,14.149451489483534
1957-11-01,13.73624223529848
1957-12-01,13.673246057951385
1958-01-01,13.788431552307634
1958-02-01,13.784906390337678
1958-03-01,13.925589923892938
1958-04-01,13.913501765262778
1958-05-01,14.32382496840923
1958-06-01,14.635555551956267
1958-07-01,14.957457101901133
1958-08-01,15.544566891165925
1958-09-01,15.931923184092843
1958-10-01,16.559803310351572
1958-11-01,16.988883579386336
1958-12-01,17.35835736536996
1959-01-01,17.98033934299339
1959-02-01,17.759169263611422
1959-03-01,18.20087184548564
1959-04-01,18.430753048783423
1959-05-01,18.692721439594187
1959-06-01,18.44859139706648
1959-07-01,19.090533975796514
1959-08-01,18.95880364075021
1959-09-01,18.12329055675862
1959-10-01,18.02196244151543
1959-11-01,18.07178913057022
1959-12-01,18.624728977900112
1960-01-01,18.338284994375567
1960-02-01,17.54527510894598
1960-03-01,17.286020720522153
1960-04-01,17.429766947597205
1960-05-01,17.25617057872792
1960-06-01,17.823363817264745
1960-07-01,17.376806472898117
1960-08-01,17.582113039577674
1960-09-01,17.052015467817665
1960-10-01,16.605104536251027
1960-11-01,17.146088452419004
1960-12-01,17.562090833957125
1961-01-01,18.470416986477176
1961-02-01,19.234014498298357
1961-03-01,19.84422527272557
1961-04-01,20.38284297575478
1961-05-01,20.598606843297347
1961-06-01,20.332414551592294
1961-07-01,20.146643736827325
1961-08-01,20.941688475215194
1961-09-01,20.70524304414726
1961-10-01,20.92419014101079
1961-11-01,21.857957721959675
1961-12-01,22.041480198382267
1962-01-01,21.19793140001523
1962-02-01,21.451687754873376
1962-03-01,21.44315856852624
1962-04-01,20.65833644764904
1962-05-01,19.08936749811665
1962-06-01,16.82757124479247
1962-07-01,17.141325661322796
1962-08-01,17.571262631045535
1962-09-01,17.321461147465484
1962-10-01,16.739820967901334
1962-11-01,17.854386489497152
1962-12-01,18.585836118439865
1963-01-01,19.25923169325405
1963-02-01,19.469191309671416
1963-03-01,19.28806460660484
1963-04-01,20.15007723822699
1963-05-01,20.50758586495262
1963-06-01,20.384149993841003
1963-07-01,19.969231885949643
1963-08-01,20.472637900527687
1963-09-01,20.96036009070512
1963-10-01,20.891344595411496
1963-11-01,20.720399335339717
1963-12-01,21.038599376737054
1964-01-01,21.627216196980942
1964-02-01,21.83267082671033
1964-03-01,22.167245585982645
1964-04-01,22.422192169737183
1964-05-01,22.574330769563844
1964-06-01,22.3002880360828
1964-07-01,22.9843518457384
1964-08-01,22.650407292938795
1964-09-01,22.89222198423169
1964-10-01,23.21215468067534
1964-11-01,23.22501979309582
1964-12-01,22.75298477278727
1965-01-01,23.269335081922478
1965-02-01,23.372068272751346
1965-03-01,23.253528200034843
1965-04-01,23.4205519547713
1965-05-01,23.708808308861958
1965-06-01,22.385342986457797
1965-07-01,22.300781712174437
1965-08-01,22.665971845964386
1965-09-01,23.374146831648623
1965-10-01,23.77574552331269
1965-11-01,23.925461156673716
1965-12-01,23.69411154910632
1966-01-01,24.058483388421735
1966-02-01,23.700027145579394
1966-03-01,22.611112582289987
1966-04-01,23.113696462615827
1966-05-01,21.8521779767631
1966-06-01,21.55525338322625
1966-07-01,21.38170200743341
1966-08-01,19.913903864009807
1966-09-01,19.16167625061501
1966-10-01,18.82540937131568
1966-11-01,19.711251211928968
1966-12-01,19.73647375279197
1967-01-01,20.43224212538428
1967-02-01,21.074443163678435
1967-03-01,21.44389860201909
1967-04-01,21.68602556674624
1967-05-01,21.9484773896584
1967-06-01,21.55209760979348
1967-07-01,21.80419624566636
1967-08-01,22.03062704912601
1967-09-01,22.219145488664783
1967-10-01,22.068199194183883
1967-11-01,21.26310296833628
1967-12-01,21.751597808723627
1968-01-01,21.511535896332177
1968-02-01,20.424992376214224
1968-03-01,19.9347113082957
1968-04-01,21.277356015671742
1968-05-01,21.63022714277988
1968-06-01,22.00462343134653
1968-07-01,21.75353741567095
1968-08-01,21.13776679361786
1968-09-01,21.680275633292936
1968-10-01,22.00460692795689
1968-11-01,22.19552922715816
1968-12-01,22.277872995434887
1969-01-01,21.19496807284716
1969-02-01,20.89572990198724
1969-03-01,20.202287616481662
1969-04-01,20.42860808193216
1969-05-01,20.9722582719721
1969-06-01,19.71334158375764
1969-07-01,18.681708207192766
1969-08-01,18.42951559020775
1969-09-01,18.39804634467698
1969-10-01,18.448662031815367
1969-11-01,18.437760084691057
1969-12-01,17.3269299137427
1970-01-01,17.09054139514022
1970-02-01,16.372586787159864
1970-03-01,16.531690813943623
1970-04-01,15.873067819354068
1970-05-01,13.983836060789194
1970-06-01,13.799691797725185
1970-07-01,13.726499744359776
1970-08-01,14.100456516815452
1970-09-01,14.842661145242232
1970-10-01,15.064185404089631
1970-11-01,14.950761908791735
1970-12-01,15.873840687205748
1971-01-01,16.46179394349194
1971-02-01,17.03453478150213
1971-03-01,17.402902607188878
1971-04-01,17.92411044795961
1971-05-01,17.56415327969939
1971-06-01,17.08316688007071
1971-07-01,16.889414708693362
1971-08-01,16.519449443051574
1971-09-01,16.856792547836005
1971-10-01,16.42886270915948
1971-11-01,15.63871265432665
1971-12-01,16.60355721292534
1972-01-01,17.26299679703518
1972-02-01,17.464147605486176
1972-03-01,17.805643849614945
1972-04-01,17.915161678498304
1972-05-01,17.662646200372556
1972-06-01,17.640857315740256
1972-07-01,17.39869003113817
1972-08-01,17.943404688029805
1972-09-01,17.613854552912112
1972-10-01,17.53318385415856
1972-11-01,18.338894714968063
1972-12-01,18.645719442073684
1973-01-01,18.71253046730244
1973-02-01,17.889889599193758
1973-03-01,17.41214205829034
1973-04-01,16.935740066050826
1973-05-01,16.314338759668573
1973-06-01,15.808323047681984
1973-07-01,15.889518573988786
1973-08-01,15.278501094706124
1973-09-01,15.475308601805564
1973-10-01,15.913516308933389
1973-11-01,14.651845159710572
1973-12-01,13.493329686205888
1974-01-01,13.530721892513949
1974-02-01,12.957321280205388
1974-03-01,13.310364239140162
1974-04-01,12.550411048540903
1974-05-01,11.99543694732966
1974-06-01,11.888498820079
1974-07-01,10.39414180532705
1974-08-01,9.824195723141194
1974-09-01,8.680421305646334
1974-10-01,8.744983833809584
1974-11-01,8.948984512755604
1974-12-01,8.289060055923082
1975-01-01,8.920995508404248
1975-02-01,9.762246716166471
1975-03-01,10.163796767444037
1975-04-01,10.23307613660592
1975-05-01,10.81813911933581
1975-06-01,11.01135460924766
1975-07-01,10.902767048238577
1975-08-01,10.089769593328016
1975-09-01,9.918905356559424
1975-10-01,10.327599777501112
1975-11-01,10.435859457947895
1975-12-01,10.25036841625684
1976-01-01,11.18505136262215
1976-02-01,11.586092994449691
1976-03-01,11.631754403566513
1976-04-01,11.68916413220637
1976-05-01,11.532053585609429
1976-06-01,11.543841631417108
1976-07-01,11.75749048868991
1976-08-01,11.597986002509254
1976-09-01,11.805990949539794
1976-10-01,11.345696136316702
1976-11-01,11.248855860507968
1976-12-01,11.597589726582946
1977-01-01,11.437961346787558
1977-02-01,11.014841854222778
1977-03-01,10.89574651166274
1977-04-01,10.63603740914136
1977-05-01,10.548486693557
1977-06-01,10.530023959090755
1977-07-01,10.567692447775409
1977-08-01,10.268385666710998
1977-09-01,10.067742820070704
1977-10-01,9.766666299556547
1977-11-01,9.7662999836602
1977-12-01,9.67826658253592
1978-01-01,9.241462260934693
1978-02-01,9.045263570704742
1978-03-01,8.950420077633895
1978-04-01,9.262588720866848
1978-05-01,9.63491072859845
1978-06-01,9.54967898104174
1978-07-01,9.42552404778736
1978-08-01,10.023970854003752
1978-09-01,9.941887473004408
1978-10-01,9.533608358208832
1978-11-01,8.92841890229315
1978-12-01,9.011941819133828
1979-01-01,9.25763691913997
1979-02-01,9.003740371045632
1979-03-01,9.070785029660762
1979-04-01,9.133063566217412
1979-05-01,8.794383289814954
1979-06-01,8.85393776469395
1979-07-01,8.827498045542361
1979-08-01,9.127165797215032
1979-09-01,9.112758990740955
1979-10-01,8.68184330689931
1979-11-01,8.518784302983555
1979-12-01,8.745204404669291
1980-01-01,8.850934180729109
1980-02-01,9.054476092192516
1980-03-01,8.081150900785497
1980-04-01,7.844024504719218
1980-05-01,8.104225807176494
1980-06-01,8.512077962306742
1980-07-01,8.880865527295843
1980-08-01,9.07100598161838
1980-09-01,9.19604013174324
1980-10-01,9.357841046757112
1980-11-01,9.654043663233388
1980-12-01,9.389902084921742
1981-01-01,9.259404530877951
1981-02-01,8.829899353831305
1981-03-01,9.081096883854622
1981-04-01,9.08556123078874
1981-05-01,8.818483466548065
1981-06-01,8.765340744304927
1981-07-01,8.44531946787551
1981-08-01,8.399806316566439
1981-09-01,7.581163051923156
1981-10-01,7.649141713319213
1981-11-01,7.810752565716109
1981-12-01,7.8325621371418945
1982-01-01,7.388659973375994
1982-02-01,7.181823450546731
1982-03-01,6.950673793536031
1982-04-01,7.259072625426146
1982-05-01,7.192612484464621
1982-06-01,6.692133988197588
1982-07-01,6.638653100208757
1982-08-01,6.643422752166089
1982-09-01,7.398838200323304
1982-10-01,7.999840994534585
1982-11-01,8.347476938155424
1982-12-01,8.467738401400473
1983-01-01,8.75678322413474
1983-02-01,8.910493436624117
1983-03-01,9.232829705190523
1983-04-01,9.53158128416041
1983-05-01,9.874456504668396
1983-06-01,10.00011790313002
1983-07-01,10.014475995571022
1983-08-01,9.728056935665206
1983-09-01,9.984202458028776
1983-10-01,10.003391799449624
1983-11-01,9.853581649364278
1983-12-01,9.81501090360867
1984-01-01,9.894931809202534
1984-02-01,9.32452964572798
1984-03-01,9.326747066508243
1984-04-01,9.305643404594822
1984-05-01,9.231831816896046
1984-06-01,9.010185512291006
1984-07-01,8.868302214043299
1984-08-01,9.623063257373168
1984-09-01,9.68734131362808
1984-10-01,9.595070703048505
1984-11-01,9.691973221783089
1984-12-01,9.59505480113346
1985-01-01,9.997001177730452
1985-02-01,10.49493517260708
1985-03-01,10.37321721492473
1985-04-01,10.39711871981682
1985-05-01,10.608120467860097
1985-06-01,10.810049845861217
1985-07-01,10.997563956793382
1985-08-01,10.738799808877284
1985-09-01,10.47123466169755
1985-10-01,10.552516982943748
1985-11-01,11.164611128667469
1985-12-01,11.690521474467593
1986-01-01,11.715007584487983
1986-02-01,12.38821909941812
1986-03-01,13.189022981532718
1986-04-01,13.552504172869476
1986-05-01,13.560046199232335
1986-06-01,13.888688626457116
1986-07-01,13.619995534083808
1986-08-01,13.887667550866055
1986-09-01,13.467314312977132
1986-10-01,13.425918860857362
1986-11-01,13.872985596138603
1986-12-01,14.085139814743314
1987-01-01,14.92220810371895
1987-02-01,15.822318142836457
1987-03-01,16.433343976069928
1987-04-01,16.19653445322088
1987-05-01,16.160311952655743
1987-06-01,16.825207307878724
1987-07-01,17.306004390512225
1987-08-01,18.32690724585634
1987-09-01,17.67562044993822
1987-10-01,15.530055563627316
1987-11-01,13.590885143189084
1987-12-01,13.389028514426965
1988-01-01,13.898336683569138
1988-02-01,14.298270962469523
1988-03-01,14.668946811103458
1988-04-01,14.433316420838946
1988-05-01,14.031891348027774
1988-06-01,14.76646864787962
1988-07-01,14.6083157175221
1988-08-01,14.244946310675653
1988-09-01,14.369428776140165
1988-10-01,14.811450153277727
1988-11-01,14.445530680872888
1988-12-01,14.702086748571997
1989-01-01,15.088072442713283
1989-02-01,15.467060462734754
1989-03-01,15.298969108882355
1989-04-01,15.686742656144585
1989-05-01,16.186353538544548
1989-06-01,16.64190423580859
1989-07-01,17.013407650499122
1989-08-01,17.73425143657732
1989-09-01,17.71422067897908
1989-10-01,17.64085385279795
1989-11-01,17.242369266947428
1989-12-01,17.650212904947328
1990-01-01,17.048843606878272
1990-02-01,16.508093516490288
1990-03-01,16.83374823348095
1990-04-01,16.813913898735773
1990-05-01,17.39241358864501
1990-06-01,17.817082821653013
1990-07-01,17.74717158707024
1990-08-01,16.168334756508976
1990-09-01,15.30128544352263
1990-10-01,14.818147965500804
1990-11-01,15.187607599503192
1990-12-01,15.846314974728768
1991-01-01,15.606190118802362
1991-02-01,17.35466474520511
1991-03-01,17.818620083397377
1991-04-01,18.15534589519801
1991-05-01,18.03543091100405
1991-06-01,18.01522704468833
1991-07-01,18.103452345519745
1991-08-01,18.512258455337715
1991-09-01,18.35728259177432
1991-10-01,18.34918799200198
1991-11-01,18.288868169301335
1991-12-01,18.441652313512723
1992-01-01,19.77306821146264
1992-02-01,19.582982970386738
1992-03-01,19.283561861298548
1992-04-01,19.301229507881043
1992-05-01,19.66227979564169
1992-06-01,19.3153659676446
1992-07-01,19.62074069482441
1992-08-01,19.722137498351525
1992-09-01,19.708766424745303
1992-10-01,19.37027107690697
1992-11-01,19.833656038801237
1992-12-01,20.448606721242964
1993-01-01,20.32341080299571
1993-02-01,20.545336792900446
1993-03-01,20.855200148690912
1993-04-01,20.457362016642183
1993-05-01,20.517605633764862
1993-06-01,20.60835701296019
1993-07-01,20.564596413297146
1993-08-01,20.812227546627383
1993-09-01,20.993501005229128
1993-10-01,21.10917824747512
1993-11-01,21.037901189606373
1993-12-01,21.164732079814645
1994-01-01,21.41197491382654
1994-02-01,21.263840187313026
1994-03-01,20.83337588946041
1994-04-01,20.055250085063847
1994-05-01,20.19649242128145
1994-06-01,20.29076369067031
1994-07-01,20.067951816142152
1994-08-01,20.53554940475564
1994-09-01,20.576450100818864
1994-10-01,20.395759282410253
1994-11-01,20.20947302039405
1994-12-01,19.91148410809033
1995-01-01,20.219119422457304
1995-02-01,20.802571764332683
1995-03-01,21.15273730203699
1995-04-01,21.64273926187965
1995-05-01,22.19542669801995
1995-06-01,22.71835675952061
1995-07-01,23.376412691512137
1995-08-01,23.28407025623054
1995-09-01,23.94600707529987
1995-10-01,23.92676276408328
1995-11-01,24.34758688111482
1995-12-01,25.02738066493912
1996-01-01,24.76246519464403
1996-02-01,25.97606555059339
1996-03-01,25.62993039521612
1996-04-01,25.424203848381524
1996-05-01,25.81404382769903
1996-06-01,25.96667355833385
1996-07-01,24.858411332348396
1996-08-01,25.412529121454945
1996-09-01,25.680115512876764
1996-10-01,26.4834677208972
1996-11-01,27.5856120490128
1996-12-01,27.72394616389397
1997-01-01,28.33287012995037
1997-02-01,29.26563488357595
1997-03-01,28.802458591871662
1997-04-01,27.585160338136543
1997-05-01,29.92836222468878
1997-06-01,31.25656061638128
1997-07-01,32.76663768966994
1997-08-01,32.58628348671318
1997-09-01,32.666581341708635
1997-10-01,32.901498179798125
1997-11-01,32.336600532812675
1997-12-01,33.030789042905425
1998-01-01,32.85996841505224
1998-02-01,34.70967778226998
1998-03-01,36.29692773642508
1998-04-01,37.27693404302875
1998-05-01,36.956598518969
1998-06-01,36.80229346009202
1998-07-01,38.25964508524856
1998-08-01,35.42340102487832
1998-09-01,33.5323569808349
1998-10-01,33.773102879048146
1998-11-01,37.36939188392094
1998-12-01,38.82027478009814
1999-01-01,40.57695767720811
1999-02-01,40.40015922925994
1999-03-01,41.35610363271298
1999-04-01,42.70450951689213
1999-05-01,42.55667670951804
1999-06-01,42.18067591174693
1999-07-01,43.82803599280541
1999-08-01,41.930712159940455
1999-09-01,41.32345133471502
1999-10-01,40.55285439953987
1999-11-01,43.20829071461392
1999-12-01,44.19793976104055
2000-01-01,43.77257814693799
2000-02-01,42.18563588791731
2000-03-01,43.22074843996587
2000-04-01,43.52857428850774
2000-05-01,41.96605050332432
2000-06-01,42.78197156707144
2000-07-01,42.75809361826958
2000-08-01,42.86956549441948
2000-09-01,41.89800792488472
2000-10-01,39.36969904420136
2000-11-01,38.78214245678476
2000-12-01,37.27423800449718
2001-01-01,36.97886799702981
2001-02-01,35.834662651431266
2001-03-01,32.32583723617873
2001-04-01,32.17390116836067
2001-05-01,34.074643217140014
2001-06-01,33.06853441111275
2001-07-01,32.16303868744433
2001-08-01,31.40431876078012
2001-09-01,27.66739258686248
2001-10-01,28.57737311336008
2001-11-01,30.00510381105679
2001-12-01,30.499953255020436
2002-01-01,30.277204433095974
2002-02-01,29.085704152008407
2002-03-01,30.292130640918653
2002-04-01,29.00588325311866
2002-05-01,28.12810750868832
2002-06-01,26.38767254118334
2002-07-01,23.463120467431427
2002-08-01,23.58871352884236
2002-09-01,22.36503680122432
2002-10-01,21.95623386365907
2002-11-01,23.34839650272512
2002-12-01,23.10144253768561
2003-01-01,22.8983485766132
2003-02-01,21.214102123415262
2003-03-01,21.30971902699097
2003-04-01,22.42793957773088
2003-05-01,23.591080453481464
2003-06-01,24.832223259531045
2003-07-01,24.86732910126876
2003-08-01,24.642251409932143
2003-09-01,25.243686752606237
2003-10-01,25.682756070579668
2003-11-01,25.946798218420103
2003-12-01,26.635170511081512
2004-01-01,27.65854035573655
2004-02-01,27.6508620367402
2004-03-01,26.886530384035847
2004-04-01,26.900577508444865
2004-05-01,25.90281429294374
2004-06-01,26.40128536647489
2004-07-01,25.69588864626854
2004-08-01,25.17446222647776
2004-09-01,25.66840677635768
2004-10-01,25.41165566548932
2004-11-01,26.46531081481804
2004-12-01,27.14480869474121
2005-01-01,26.587250697970365
2005-02-01,26.74486312810117
2005-03-01,26.33914213105792
2005-04-01,25.40892256911446
2005-05-01,25.65023018718296
2005-06-01,26.068394871883985
2005-07-01,26.28787109125474
2005-08-01,26.104381410936146
2005-09-01,25.730122990164464
2005-10-01,24.876538723647947
2005-11-01,25.931783309069008
2005-12-01,26.443803114292397
2006-01-01,26.468702626685708
2006-02-01,26.24962476358328
2006-03-01,26.327837778667668
2006-04-01,26.147280943874517
2006-05-01,25.65064070875733
2006-06-01,24.74958224164637
2006-07-01,24.6967867668533
2006-08-01,25.05139356201095
2006-09-01,25.644156440797374
2006-10-01,26.538040282101708
2006-11-01,26.92802027085648
2006-12-01,27.28268978757168
2007-01-01,27.20753665680713
2007-02-01,27.31518141351661
2007-03-01,26.22760555465089
2007-04-01,26.97626831418907
2007-05-01,27.548490451851254
2007-06-01,27.4182627404106
2007-07-01,27.41008816720432
2007-08-01,26.14860718931231
2007-09-01,26.725743047696906
2007-10-01,27.32064813046201
2007-11-01,25.729053579498377
2007-12-01,25.95551010524023
2008-01-01,24.02231776083682
2008-02-01,23.495263401811787
2008-03-01,22.60681084224933
2008-04-01,23.35604064320161
2008-05-01,23.69643211662318
2008-06-01,22.41681280228194
2008-07-01,20.90720646266158
2008-08-01,21.40161736004793
2008-09-01,20.362733946097517
2008-10-01,16.387356548789832
2008-11-01,15.259659405704582
2008-12-01,15.376080747423767
2009-01-01,15.174651936879666
2009-02-01,14.122181801918895
2009-03-01,13.323667656863927
2009-04-01,14.981866453039244
2009-05-01,15.996355755263156
2009-06-01,16.38418281621534
2009-07-01,16.694620816995617
2009-08-01,18.094069801576083
2009-09-01,18.83190226484009
2009-10-01,19.358008443486845
2009-11-01,19.81276107996607
2009-12-01,20.32237650021655
2010-01-01,20.527859801454422
2010-02-01,19.920539306600453
2010-03-01,21.004601209715368
2010-04-01,21.804845599625164
2010-05-01,20.48006863842341
2010-06-01,19.74203985373946
2010-07-01,19.66866047071771
2010-08-01,19.77029917435858
2010-09-01,20.381395233204035
2010-10-01,21.240127651759423
2010-11-01,21.70072382776062
2010-12-01,22.396379773044213
2011-01-01,22.978299430554983
2011-02-01,23.48982870329853
2011-03-01,22.89933643014364
2011-04-01,23.14392944728595
2011-05-01,23.05949150609534
2011-06-01,22.10083128661099
2011-07-01,22.610981701156625
2011-08-01,20.049852721660496
2011-09-01,19.69811456887771
2011-10-01,20.155824786688747
2011-11-01,20.34524679764582
2011-12-01,20.523575499431697
2012-01-01,21.21300809180345
2012-02-01,21.79743596371753
2012-03-01,22.053943972904708
2012-04-01,21.779246906824888
2012-05-01,20.941467419743475
2012-06-01,20.547504086856083
2012-07-01,20.99934129338056
2012-08-01,21.410428453442933
2012-09-01,21.78369030172768
2012-10-01,21.577109654528787
2012-11-01,20.898162059573696
2012-12-01,21.23826113984562
2013-01-01,21.900475413821813
2013-02-01,22.05272433686195
2013-03-01,22.419207114602575
2013-04-01,22.59565539610559
2013-05-01,23.41184178184241
2013-06-01,22.925333173915337
2013-07-01,23.492460177159643
2013-08-01,23.3566490949161
2013-09-01,23.442287167960608
2013-10-01,23.83473788763144
2013-11-01,24.642077092412062
2013-12-01,24.861869296461947
2014-01-01,24.859609093632724
2014-02-01,24.59093087789414
2014-03-01,24.95603915396539
2014-04-01,24.78631539696264
2014-05-01,24.943274109902596
2014-06-01,25.55800762351129
2014-07-01,25.817545976158748
2014-08-01,25.6176064217994
2014-09-01,25.9184368926062
2014-10-01,25.16274828308326
2014-11-01,26.60681714714343
2014-12-01,26.79408548257257
2015-01-01,26.492295420383137
2015-02-01,26.99551369938325
2015-03-01,26.728605452928488
2015-04-01,26.791371680192334
2015-05-01,26.806111379650837
2015-06-01,26.495895292784848
2015-07-01,26.38113633639969
2015-08-01,25.693658417057694
2015-09-01,24.496752170486435
2015-10-01,25.491441046066747
2015-11-01,26.22585189097193
2015-12-01,25.965424037124176
2016-01-01,24.20616720387848
2016-02-01,24.00260677728976
2016-03-01,25.372298620187912
2016-04-01,25.922337543673883
2016-05-01,25.694709923449977
2016-06-01,25.84037292767051
2016-07-01,26.694003256096305
2016-08-01,26.948872433723864
2016-09-01,26.72787334647854
2016-10-01,26.5251430850706
2016-11-01,26.85095353105626
2016-12-01,27.865098223923525
2017-01-01,28.06357374212446
2017-02-01,28.655106525184127
2017-03-01,29.086921742464643
2017-04-01,28.904245956275155
2017-05-01,29.31334498027143
2017-06-01,29.748503240632747
2017-07-01,30.00222074401856
2017-08-01,29.914959397497487
2017-09-01,30.168114410678903
2017-10-01,30.92039329033384
2017-11-01,31.298913333880268
2017-12-01,32.086132007706
2018-01-01,33.30734382803066
2018-02-01,32.03538233925029
2018-03-01,31.80840905764312
2018-04-01,30.97017929332522
2018-05-01,31.243615074864607
2018-06-01,31.6305564964546
2018-07-01,31.886366962158977
2018-08-01,32.39027688030112
2018-09-01,32.622891120500185
2018-10-01,31.0379610780065
2018-11-01,30.195583406705246
2018-12-01,28.291857012072875
2019-01-01,28.38016446354758
2019-02-01,29.541548965131213
2019-03-01,29.576196014784816
2019-04-01,30.13351717138751
2019-05-01,29.242030936939845
2019-06-01,29.283796275306265
2019-07-01,29.98668533504252
2019-08-01,28.705397371833072
2019-09-01,29.22952023303527
2019-10-01,28.841122881953403
2019-11-01,29.836867659083424
2019-12-01,30.331822322243287
2020-01-01,30.985220300230694
2020-02-01,30.729689264735743
2020-03-01,24.817168629099413
2020-04-01,25.92735882528016
2020-05-01,27.328480997698456
2020-06-01,28.838315955122845
2020-07-01,29.599194927666996
2020-08-01,31.15820896535522
2020-09-01,30.83942604381124
2020-10-01,31.28369403259284
2020-11-01,32.47320409661256
2020-12-01,33.7655914181171
2021-01-01,34.5124322941069
2021-02-01,35.103907171969816
2021-03-01,35.04254511219207
2021-04-01,36.719814109133
2021-05-01,36.55213398979905
2021-06-01,36.696258013088354
2021-07-01,37.443383184615385
2021-08-01,37.97350061407048
2021-09-01,37.62034668665119
2021-10-01,37.2530250003253
2021-11-01,38.5826274977192
2021-12-01,38.30484987346744
2022-01-01,36.93675807029744
2022-02-01,35.28714922569486
2022-03-01,34.270798693291724
2022-04-01,33.88916475591384
2022-05-01,30.67315507954513
2022-06-01,29.047721395103835
2022-07-01,29.00461831720893
2022-08-01,30.69876336517529
2022-09-01,28.22988465582196
2022-10-01,27.08076692540069
2022-11-01,28.378949016273317
2022-12-01,28.316901284527283
2023-01-01,28.334813423755683
2023-02-01,28.91976294386663
2023-03-01,27.95304146907005
2023-04-01,28.76468407710037
2023-05-01,28.761805827303075
2023-06-01,29.939593027231528
2023-07-01,30.8909260883331
2023-08-01,30.469742507138623
2023-09-01,30.810960610791547
2023-09-30,29.24629608504757
2023-10-31,28.033265864693597
2023-11-30,30.553870485953905
2023-12-31,31.77669503028519
2024-01-31,31.871673876585525
2024-02-29,33.49233654142349
2024-03-31,34.43356455385274
2024-04-30,32.28223806516134
2024-05-31,33.86880540092945
2024-06-30,34.904750835009835
2024-07-31,35.53237471708528
2024-08-31,36.312810926104696
2024-09-30,36.91312023899596
2024-10-31,34.102851318356535
2024-11-30,36.08843604504712
2024-12-31,35.053668084464086
2025-01-31,39.756611619026366
2025-02-28,39.20295705694654
2025-03-31,36.85655087204465
2025-04-30,36.26932146072985
2025-05-31,38.495225705426996
2025-06-30,40.299842599404634
2025-07-31,38.471566451572905
2025-08-31,39.206336669043296
2025-09-30,40.436005829771666
2025-10-31,39.80412132202681
2025-11-30,39.17561416978085
2025-12-31,39.03663303999431
2026-01-31,38.294270462364494
2026-02-28,37.91520493214934
2026-03-31,35.89428740686503
2026-04-30,39.61106064853599
2026-05-31,41.63686290427894
2026-06-30,41.58
