date,taiex,margin,nasdaq_tw,fx_usd,exports,imports,fx_reserves,margin_yoy,exports_yoy,imports_yoy,fx_usd_yoy,fx_reserves_yoy,trade_balance,trade_balance_yoy_chg
1950-12-31,,,,,,,2.0,,,,,,,
1951-01-31,,,,,,,,,,,,,,
1951-02-28,,,,,,,,,,,,,,
1951-03-31,,,,,,,,,,,,,,
1951-04-30,,,,,,,,,,,,,,
1951-05-31,,,,,,,,,,,,,,
1951-06-30,,,,,,,,,,,,,,
1951-07-31,,,,,,,,,,,,,,
1951-08-31,,,,,,,,,,,,,,
1951-09-30,,,,,,,,,,,,,,
1951-10-31,,,,,,,,,,,,,,
1951-11-30,,,,,,,,,,,,,,
1951-12-31,,,,,,,35.0,,,,,1650.0,,
1952-01-31,,,,,,,,,,,,,,
1952-02-29,,,,,,,,,,,,,,
1952-03-31,,,,,,,,,,,,,,
1952-04-30,,,,,,,,,,,,,,
1952-05-31,,,,,,,,,,,,,,
1952-06-30,,,,,,,,,,,,,,
1952-07-31,,,,,,,,,,,,,,
1952-08-31,,,,,,,,,,,,,,
1952-09-30,,,,,,,,,,,,,,
1952-10-31,,,,,,,,,,,,,,
1952-11-30,,,,,,,,,,,,,,
1952-12-31,,,,,,,34.0,,,,,-2.857142857142858,,
1953-01-31,,,,,,,,,,,,,,
1953-02-28,,,,,,,,,,,,,,
1953-03-31,,,,,,,,,,,,,,
1953-04-30,,,,,,,,,,,,,,
1953-05-31,,,,,,,,,,,,,,
1953-06-30,,,,,,,,,,,,,,
1953-07-31,,,,,,,,,,,,,,
1953-08-31,,,,,,,,,,,,,,
1953-09-30,,,,,,,,,,,,,,
1953-10-31,,,,,,,,,,,,,,
1953-11-30,,,,,,,,,,,,,,
1953-12-31,,,,,,,45.0,,,,,32.35294117647059,,
1954-01-31,,,,,,,,,,,,,,
1954-02-28,,,,,,,,,,,,,,
1954-03-31,,,,,,,,,,,,,,
1954-04-30,,,,,,,,,,,,,,
1954-05-31,,,,,,,,,,,,,,
1954-06-30,,,,,,,,,,,,,,
1954-07-31,,,,,,,,,,,,,,
1954-08-31,,,,,,,,,,,,,,
1954-09-30,,,,,,,,,,,,,,
1954-10-31,,,,,,,,,,,,,,
1954-11-30,,,,,,,,,,,,,,
1954-12-31,,,,,,,20.0,,,,,-55.55555555555556,,
1955-01-31,,,,,,,,,,,,,,
1955-02-28,,,,,,,,,,,,,,
1955-03-31,,,,,,,,,,,,,,
1955-04-30,,,,,,,,,,,,,,
1955-05-31,,,,,,,,,,,,,,
1955-06-30,,,,,,,,,,,,,,
1955-07-31,,,,,,,,,,,,,,
1955-08-31,,,,,,,,,,,,,,
1955-09-30,,,,,,,,,,,,,,
1955-10-31,,,,,,,,,,,,,,
1955-11-30,,,,,,,,,,,,,,
1955-12-31,,,,,,,46.0,,,,,129.99999999999997,,
1956-01-31,,,,,,,,,,,,,,
1956-02-29,,,,,,,,,,,,,,
1956-03-31,,,,,,,,,,,,,,
1956-04-30,,,,,,,,,,,,,,
1956-05-31,,,,,,,,,,,,,,
1956-06-30,,,,,,,,,,,,,,
1956-07-31,,,,,,,,,,,,,,
1956-08-31,,,,,,,,,,,,,,
1956-09-30,,,,,,,,,,,,,,
1956-10-31,,,,,,,,,,,,,,
1956-11-30,,,,,,,,,,,,,,
1956-12-31,,,,,,,63.0,,,,,36.956521739130444,,
1957-01-31,,,,,,,,,,,,,,
1957-02-28,,,,,,,,,,,,,,
1957-03-31,,,,,,,78.0,,,,,,,
1957-04-30,,,,,,,,,,,,,,
1957-05-31,,,,,,,,,,,,,,
1957-06-30,,,,,,,83.0,,,,,,,
1957-07-31,,,,,,,,,,,,,,
1957-08-31,,,,,,,,,,,,,,
1957-09-30,,,,,,,82.0,,,,,,,
1957-10-31,,,,,,,,,,,,,,
1957-11-30,,,,,,,,,,,,,,
1957-12-31,,,,,,,92.0,,,,,46.031746031746025,,
1958-01-31,,,,,,,,,,,,,,
1958-02-28,,,,,,,,,,,,,,
1958-03-31,,,,,,,92.0,,,,,17.948717948717952,,
1958-04-30,,,,,,,,,,,,,,
1958-05-31,,,,,,,,,,,,,,
1958-06-30,,,,,,,85.0,,,,,2.4096385542168752,,
1958-07-31,,,,,,,,,,,,,,
1958-08-31,,,,,,,,,,,,,,
1958-09-30,,,,,,,94.0,,,,,14.634146341463406,,
1958-10-31,,,,,,,,,,,,,,
1958-11-30,,,,,,,,,,,,,,
1958-12-31,,,,,,,78.0,,,,,-15.217391304347828,,
1959-01-31,,,,,,,,,,,,,,
1959-02-28,,,,,,,,,,,,,,
1959-03-31,,,,,,,99.0,,,,,7.608695652173902,,
1959-04-30,,,,,,,,,,,,,,
1959-05-31,,,,,,,,,,,,,,
1959-06-30,,,,,,,91.0,,,,,7.058823529411762,,
1959-07-31,,,,,,,,,,,,,,
1959-08-31,,,,,,,,,,,,,,
1959-09-30,,,,,,,89.0,,,,,-5.319148936170215,,
1959-10-31,,,,,,,,,,,,,,
1959-11-30,,,,,,,,,,,,,,
1959-12-31,,,,,,,82.0,,,,,5.128205128205132,,
1960-01-31,,,,,,,,,,,,,,
1960-02-29,,,,,,,,,,,,,,
1960-03-31,,,,,,,97.0,,,,,-2.020202020202022,,
1960-04-30,,,,,,,,,,,,,,
1960-05-31,,,,,,,,,,,,,,
1960-06-30,,,,,,,94.0,,,,,3.296703296703307,,
1960-07-31,,,,,,,,,,,,,,
1960-08-31,,,,,,,,,,,,,,
1960-09-30,,,,,,,94.0,,,,,5.617977528089879,,
1960-10-31,,,,,,,,,,,,,,
1960-11-30,,,,,,,,,,,,,,
1960-12-31,,,,,,,76.0,,,,,-7.317073170731703,,
1961-01-31,,,,,,,,,,,,,,
1961-02-28,,,,,,,,,,,,,,
1961-03-31,,,,,,,73.0,,,,,-24.742268041237114,,
1961-04-30,,,,,,,,,,,,,,
1961-05-31,,,,,,,,,,,,,,
1961-06-30,,,,,,,78.0,,,,,-17.021276595744684,,
1961-07-31,,,,,,,,,,,,,,
1961-08-31,,,,,,,,,,,,,,
1961-09-30,,,,,,,86.0,,,,,-8.510638297872342,,
1961-10-31,,,,,,,,,,,,,,
1961-11-30,,,,,,,,,,,,,,
1961-12-31,,,,,,,93.0,,,,,22.36842105263157,,
1962-01-31,,,,,,,,,,,,,,
1962-02-28,,,,,,,,,,,,,,
1962-03-31,,,,,,,85.0,,,,,16.43835616438356,,
1962-04-30,,,,,,,,,,,,,,
1962-05-31,,,,,,,,,,,,,,
1962-06-30,,,,,,,89.0,,,,,14.102564102564097,,
1962-07-31,,,,,,,,,,,,,,
1962-08-31,,,,,,,,,,,,,,
1962-09-30,,,,,,,82.0,,,,,-4.651162790697672,,
1962-10-31,,,,,,,,,,,,,,
1962-11-30,,,,,,,,,,,,,,
1962-12-31,,,,,,,71.0,,,,,-23.655913978494624,,
1963-01-31,,,,,,,,,,,,,,
1963-02-28,,,,,,,,,,,,,,
1963-03-31,,,,,,,97.0,,,,,14.117647058823524,,
1963-04-30,,,,,,,,,,,,,,
1963-05-31,,,,,,,,,,,,,,
1963-06-30,,,,,,,114.0,,,,,28.08988764044944,,
1963-07-31,,,,,,,,,,,,,,
1963-08-31,,,,,,,,,,,,,,
1963-09-30,,,,,,,164.0,,,,,100.0,,
1963-10-31,,,,,,,,,,,,,,
1963-11-30,,,,,,,,,,,,,,
1963-12-31,,,,,,,177.0,,,,,149.2957746478873,,
1964-01-31,,,,,,,190.0,,,,,,,
1964-02-29,,,,,,,202.0,,,,,,,
1964-03-31,,,,,,,246.0,,,,,153.6082474226804,,
1964-04-30,,,,,,,242.0,,,,,,,
1964-05-31,,,,,,,252.0,,,,,,,
1964-06-30,,,,,,,268.0,,,,,135.08771929824564,,
1964-07-31,,,,,,,287.0,,,,,,,
1964-08-31,,,,,,,276.0,,,,,,,
1964-09-30,,,,,,,269.0,,,,,64.02439024390243,,
1964-10-31,,,,,,,265.0,,,,,,,
1964-11-30,,,,,,,246.0,,,,,,,
1964-12-31,,,,,,,242.0,,,,,36.72316384180792,,
1965-01-31,,,,,,,249.0,,,,,31.052631578947377,,
1965-02-28,,,,,,,253.0,,,,,25.247524752475247,,
1965-03-31,,,,,,,251.0,,,,,2.0325203252032464,,
1965-04-30,,,,,,,262.0,,,,,8.264462809917351,,
1965-05-31,,,,,,,261.0,,,,,3.571428571428581,,
1965-06-30,,,,,,,264.0,,,,,-1.4925373134328401,,
1965-07-31,,,,,,,255.0,,,,,-11.149825783972123,,
1965-08-31,,,,,,,250.0,,,,,-9.420289855072461,,
1965-09-30,,,,,,,256.0,,,,,-4.832713754646845,,
1965-10-31,,,,,,,249.0,,,,,-6.037735849056602,,
1965-11-30,,,,,,,249.0,,,,,1.2195121951219523,,
1965-12-31,,,,,,,245.0,,,,,1.2396694214876103,,
1966-01-31,,,,,,,233.0,,,,,-6.425702811244982,,
1966-02-28,,,,,,,242.0,,,,,-4.347826086956519,,
1966-03-31,,,,,,,240.0,,,,,-4.3824701195219085,,
1966-04-30,,,,,,,242.0,,,,,-7.633587786259543,,
1966-05-31,,,,,,,262.0,,,,,0.3831417624521105,,
1966-06-30,,,,,,,273.0,,,,,3.409090909090917,,
1966-07-31,,,,,,,278.0,,,,,9.019607843137244,,
1966-08-31,,,,,,,291.0,,,,,16.39999999999999,,
1966-09-30,,,,,,,286.0,,,,,11.71875,,
1966-10-31,,,,,,,285.0,,,,,14.457831325301207,,
1966-11-30,,,,,,,282.0,,,,,13.25301204819278,,
1966-12-31,,,,,,,275.0,,,,,12.244897959183664,,
1967-01-31,,,,,,,303.0,,,,,30.04291845493563,,
1967-02-28,,,,,,,276.0,,,,,14.049586776859503,,
1967-03-31,,,,,,,272.0,,,,,13.33333333333333,,
1967-04-30,,,,,,,287.0,,,,,18.595041322314042,,
1967-05-31,,,,,,,302.0,,,,,15.267175572519086,,
1967-06-30,,,,,,,311.0,,,,,13.919413919413914,,
1967-07-31,,,,,,,333.0,,,,,19.784172661870514,,
1967-08-31,,,,,,,325.0,,,,,11.683848797250862,,
1967-09-30,,,,,,,335.0,,,,,17.132867132867126,,
1967-10-31,,,,,,,335.0,,,,,17.543859649122815,,
1967-11-30,,,,,,,342.0,,,,,21.27659574468086,,
1967-12-31,,,,,,,335.0,,,,,21.818181818181827,,
1968-01-31,,,,,,,331.0,,,,,9.24092409240924,,
1968-02-29,,,,,,,335.0,,,,,21.376811594202906,,
1968-03-31,,,,,,,335.0,,,,,23.16176470588236,,
1968-04-30,,,,,,,328.0,,,,,14.28571428571428,,
1968-05-31,,,,,,,342.0,,,,,13.245033112582782,,
1968-06-30,,,,,,,336.0,,,,,8.038585209003223,,
1968-07-31,,,,,,,348.0,,,,,4.504504504504503,,
1968-08-31,,,,,,,348.0,,,,,7.0769230769230695,,
1968-09-30,,,,,,,338.0,,,,,0.8955223880596996,,
1968-10-31,,,,,,,325.0,,,,,-2.985074626865669,,
1968-11-30,,,,,,,316.0,,,,,-7.602339181286554,,
1968-12-31,,,,,,,302.0,,,,,-9.850746268656717,,
1969-01-31,,,,,,,286.0,,,,,-13.595166163141991,,
1969-02-28,,,,,,,292.0,,,,,-12.835820895522387,,
1969-03-31,,,,,,,301.0,,,,,-10.149253731343288,,
1969-04-30,,,,,,,303.0,,,,,-7.621951219512191,,
1969-05-31,,,,,,,319.0,,,,,-6.725146198830412,,
1969-06-30,,,,,,,334.0,,,,,-0.5952380952380931,,
1969-07-31,,,,,,,352.0,,,,,1.1494252873563315,,
1969-08-31,,,,,,,352.0,,,,,1.1494252873563315,,
1969-09-30,,,,,,,351.0,,,,,3.8461538461538547,,
1969-10-31,,,,,,,357.0,,,,,9.846153846153838,,
1969-11-30,,,,,,,364.0,,,,,15.189873417721511,,
1969-12-31,,,,,,,361.0,,,,,19.5364238410596,,
1970-01-31,,,,,,,376.0,,,,,31.46853146853146,,
1970-02-28,,,,,,,390.0,,,,,33.56164383561644,,
1970-03-31,,,,,,,389.0,,,,,29.23588039867109,,
1970-04-30,,,,,,,398.0,,,,,31.353135313531343,,
1970-05-31,,,,,,,422.0,,,,,32.288401253918494,,
1970-06-30,,,,,,,449.0,,,,,34.43113772455091,,
1970-07-31,,,,,,,319.0,,,,,-9.375,,
1970-08-31,,,,,,,288.0,,,,,-18.181818181818176,,
1970-09-30,,,,,,,433.0,,,,,23.361823361823355,,
1970-10-31,,,,,,,343.0,,,,,-3.9215686274509776,,
1970-11-30,,,,,,,334.0,,,,,-8.241758241758246,,
1970-12-31,,,,,,,480.0,,,,,32.963988919667585,,
1971-01-31,,,,,,,398.0,,,,,5.85106382978724,,
1971-02-28,,,,,,,408.0,,,,,4.615384615384621,,
1971-03-31,,,,,,,393.0,,,,,1.0282776349614497,,
1971-04-30,,,,,,,417.0,,,,,4.773869346733672,,
1971-05-31,,,,,,,443.0,,,,,4.976303317535535,,
1971-06-30,,,,,,,432.0,,,,,-3.786191536748329,,
1971-07-31,,,,,,,439.0,,,,,37.61755485893416,,
1971-08-31,,,,,,,428.0,,,,,48.611111111111114,,
1971-09-30,,,,,,,569.0,,,,,31.40877598152425,,
1971-10-31,,,,,,,608.0,,,,,77.2594752186589,,
1971-11-30,,,,,,,605.0,,,,,81.1377245508982,,
1971-12-31,,,,,,,568.287849383,,,,,18.393301954791653,,
1972-01-31,,,,,,,583.945699366,,,,,46.72002496633165,,
1972-02-29,,,,,,,629.077149317,,,,,54.185575812990194,,
1972-03-31,,,,,,,637.366599308,,,,,62.179796261577614,,
1972-04-30,,,,,,,654.866549289,,,,,57.0423379589928,,
1972-05-31,,,,,,,663.15599928,,,,,49.69661383295709,,
1972-06-30,,,,,,,680.655949261,,,,,57.55924751412038,,
1972-07-31,,,,,,,708.287449231,,,,,61.34110460842823,,
1972-08-31,,,,,,,755.26099918,,,,,76.46285027570094,,
1972-09-30,,,,,,,807.760849123,,,,,41.96148490738136,,
1972-10-31,,,,,,,819.73449911,,,,,34.8247531430921,,
1972-11-30,,,,,,,867.629099058,,,,,43.40976843933883,,
1972-12-31,,,,,,,876.839599048,,,,,54.29497568881685,,
1973-01-31,,,,,,,934.865748985,,,,,60.094637223974765,,
1973-02-28,,,,,,,913.502898898,,,,,45.213174550976134,,
1973-03-31,,,,,,,938.371398868,,,,,47.22632153721362,,
1973-04-30,,,,,,,920.13449889,,,,,40.50717659788947,,
1973-05-31,,,,,,,941.687198864,,,,,42.000856493254425,,
1973-06-30,,,,,,,948.318798856,,,,,39.32425036255189,,
1973-07-31,,,,,,,911.8449989,,,,,28.73939809183488,,
1973-08-31,,,,,,,923.450298886,,,,,22.269030161574086,,
1973-09-30,,,,,,,906.871298906,,,,,12.269776368909934,,
1973-10-31,,,,,,,923.450298886,,,,,12.652364867967147,,
1973-11-30,,,,,,,864.594848957,,,,,-0.3497174200697395,,
1973-12-31,,,,,,,850.502698974,,,,,-3.0036166366795403,,
1974-01-31,,,,,,,898.581798916,,,,,-3.8811936482210485,,
1974-02-28,,,,,,,843.042148983,,,,,-7.713248638838488,,
1974-03-31,,,,,,,838.068448989,,,,,-10.689045936395768,,
1974-04-30,,,,,,,813.199949019,,,,,-11.621621621621625,,
1974-05-31,,,,,,,804.08149903,,,,,-14.612676056338024,,
1974-06-30,,,,,,,814.857849017,,,,,-14.073426573426563,,
1974-07-31,,,,,,,860.374798965,,,,,-5.64462161848679,,
1974-08-31,,,,,,,910.859428921,,,,,-1.3634594065526806,,
1974-09-30,,,,,,,839.842889003,,,,,-7.391171159993637,,
1974-10-31,,,,,,,916.274098905,,,,,-0.7771073321062416,,
1974-11-30,,,,,,,931.301438876,,,,,7.7153582396970455,,
1974-12-31,,,,,,,861.681798945,,,,,1.3144108754135297,,
1975-01-31,,,,,,,947.617578826,,,,,5.457019045918132,,
1975-02-28,,,,,,,978.274528767,,,,,16.040998655540186,,
1975-03-31,,,,,,,860.138258927,,,,,2.6334137700355864,,
1975-04-30,,,,,,,750.744639068,,,,,-7.680191080476906,,
1975-05-31,,,,,,,787.603279018,,,,,-2.0493221187004695,,
1975-06-30,,,,,,,858.126188939,,,,,5.3099249119581415,,
1975-07-31,,,,,,,930.321118892,,,,,8.129749966077915,,
1975-08-31,,,,,,,970.513918848,,,,,6.549253159476698,,
1975-09-30,,,,,,,999.771238836,,,,,19.04265094425639,,
1975-10-31,,,,,,,977.419468841,,,,,6.67326185571242,,
1975-11-30,,,,,,,972.660438861,,,,,4.440989593543065,,
1975-12-31,,,,,,,917.432278926,,,,,6.4699614230285585,,
1976-01-31,,,,,,,879.577358972,,,,,-7.180134832270079,,
1976-02-29,,,,,,,857.341258998,,,,,-12.361894970466237,,
1976-03-31,,,,,,,868.269238996,,,,,0.9453108246973096,,
1976-04-30,,,,,,,917.706238944,,,,,22.239466149671316,,
1976-05-31,,,,,,,1061.009038788,,,,,34.713639093896106,,
1976-06-30,,,,,,,1135.161528699,,,,,32.28375305763953,,
1976-07-31,,,,,,,1192.745518632,,,,,28.207937497167013,,
1976-08-31,,,,,,,1297.387138507,,,,,33.680425732275786,,
1976-09-30,,,,,,,1327.472638464,,,,,32.77763821347091,,
1976-10-31,,,,,,,1301.628058497,,,,,33.16985183858048,,
1976-11-30,,,,,,,1379.344198414,,,,,41.81148356658082,,
1976-12-31,,,,,,,1304.836358484,,,,,42.22699467382136,,
1977-01-31,,,,,,,1293.904708509,,,,,47.10527679125829,,
1977-02-28,,,,,,,1145.312958676,,,,,33.58892350690799,,
1977-03-31,,,,,,,1086.126708741,,,,,25.091004029684804,,
1977-04-30,,,,,,,1030.795138802,,,,,12.32299564489514,,
1977-05-31,,,,,,,1067.47879876,,,,,0.609774255965867,,
1977-06-30,,,,,,,1132.20359868,,,,,-0.2605734905753998,,
1977-07-31,,,,,,,1090.964698722,,,,,-8.53332234915758,,
1977-08-31,,,,,,,1140.387748675,,,,,-12.101198260117696,,
1977-09-30,,,,,,,1161.116948649,,,,,-12.531760353832066,,
1977-10-31,,,,,,,1154.240518638,,,,,-11.323322272968639,,
1977-11-30,,,,,,,1157.67739863,,,,,-16.070448553658856,,
1977-12-31,,,,,,,1107.257798655,,,,,-15.142018272586533,,
1978-01-31,,,,,,,1097.005678667,,,,,-15.217428961124346,,
1978-02-28,,,,,,,1091.539408661,,,,,-4.695096620330153,,
1978-03-31,,,,,,,1074.655978671,,,,,-1.056113432961836,,
1978-04-30,,,,,,,1083.932398671,,,,,5.154977732118193,,
1978-05-31,,,,,,,1129.643058622,,,,,5.82346552776607,,
1978-06-30,,,,,,,1095.580078642,,,,,-3.2347115024804807,,
1978-07-31,,,,,,,1118.379658591,,,,,2.512909895353621,,
1978-08-31,,,,,,,1163.038198522,,,,,1.9862059964531387,,
1978-09-30,,,,,,,1129.528198553,,,,,-2.720548531545819,,
1978-10-31,,,,,,,1098.769618518,,,,,-4.805835458406483,,
1978-11-30,,,,,,,1121.493568573,,,,,-3.125553811434867,,
1978-12-31,,,,,,,1079.217478594,,,,,-2.5324111598094667,,
1979-01-31,,,,,,,1068.903298626,,,,,-2.561735147547095,,
1979-02-28,,,,,,,1065.036098627,,,,,-2.428067170429671,,
1979-03-31,,,,,,,1064.64069863,,,,,-0.9319522004972658,,
1979-04-30,,,,,,,1068.60639864,,,,,-1.413925817679329,,
1979-05-31,,,,,,,1068.622918644,,,,,-5.401718667880417,,
1979-06-30,,,,,,,1064.217958626,,,,,-2.86260407864245,,
1979-07-31,,,,,,,1061.892328619,,,,,-5.050818792892386,,
1979-08-31,,,,,,,1062.827098618,,,,,-8.616320601623329,,
1979-09-30,,,,,,,1047.24059862,,,,,-7.285130202009649,,
1979-10-31,,,,,,,1075.628248617,,,,,-2.1061166518430485,,
1979-11-30,,,,,,,1059.596998614,,,,,-5.519119475447165,,
1979-12-31,,,,,,,1056.681118608,,,,,-2.088213027772723,,
1980-01-31,,,,,,,1060.241848605,,,,,-0.8103118431885714,,
1980-02-29,,,,,,,1071.498998603,,,,,0.60682449959506,,
1980-03-31,,,,,,,1091.761838634,,,,,2.5474453530566654,,
1980-04-30,,,,,,,1043.444848649,,,,,-2.354613450099363,,
1980-05-31,,,,,,,1085.913918576,,,,,1.618063737014075,,
1980-06-30,,,,,,,1124.299228511,,,,,5.645579403919321,,
1980-07-31,,,,,,,1185.983198444,,,,,11.685824116121202,,
1980-08-31,,,,,,,1300.09589829,,,,,22.324308439305106,,
1980-09-30,,,,,,,1398.921838164,,,,,33.58170414777919,,
1980-10-31,,,,,,,1486.776058082,,,,,38.22396910769472,,
1980-11-30,,,,,,,1667.560537871,,,,,57.376864982841894,,
1980-12-31,,,,,,,1728.852297795,,,,,63.611544424345624,,
1981-01-31,,,,,,,1933.018747595,,,,,82.3186615523944,,
1981-02-28,,,,,,,2100.89789743,,,,,96.07091562093015,,
1981-03-31,,,,,,,2169.283347335,,,,,98.69565600948123,,
1981-04-30,,,,,,,2385.320877141,,,,,128.60057052650112,,
1981-05-31,,,,,,,2570.606716992,,,,,136.7228813461507,,
1981-06-30,,,,,,,2901.958286661,,,,,158.11262812163426,,
1981-07-31,,,,,,,3369.319736202,,,,,184.0950648055149,,
1981-08-31,,,,,,,3944.529115532,,,,,203.40293517733502,,
1981-09-30,,,,,,,4557.062714784,,,,,225.755348902471,,
1981-10-31,,,,,,,5161.696554058,,,,,247.17377415377496,,
1981-11-30,,,,,,,5691.43679328,,,,,241.303158957356,,
1981-12-31,,,,,,,6215.877892765,,,,,259.5378217498863,,
1982-01-31,,,,,,,6693.429592317,,,,,246.26821910779455,,
1982-02-28,,,,,,,6572.084392594,,,,,212.82264600452706,,
1982-03-31,,,,,,,6927.562392289,,,,,219.34797272101974,,
1982-04-30,,,,,,,6770.086072352,,,,,183.82286581361313,,
1982-05-31,,,,,,,6851.699192298,,,,,166.54015750474375,,
1982-06-30,,,,,,,6889.513742475,,,,,137.40912383692776,,
1982-07-31,,,,,,,6922.54079244,,,,,105.4581142317855,,
1982-08-31,,,,,,,7018.774552398,,,,,77.9369437218966,,
1982-09-30,,,,,,,7364.268372103,,,,,61.60120746664026,,
1982-10-31,,,,,,,7481.372912052,,,,,44.94019231274504,,
1982-11-30,,,,,,,7615.358921779,,,,,33.80380382631354,,
1982-12-31,,,,,,,7734.513951468,,,,,24.431561959584556,,
1983-01-31,,,,,,,8293.994720989,,,,,23.91248173446383,,
1983-02-28,,,,,,,8642.66159058,,,,,31.50563922032572,,
1983-03-31,,,,,,,8885.965940415,,,,,28.26973525790082,,
1983-04-30,,,,,,,9031.733560231,,,,,33.40648056330071,,
1983-05-31,,,,,,,9425.145869846,,,,,37.559247791275084,,
1983-06-30,,,,,,,9774.856849557,,,,,41.88021411864496,,
1983-07-31,,,,,,,10299.992889127,,,,,48.78919746309711,,
1983-08-31,,,,,,,10919.921088593,,,,,55.58159059065595,,
1983-09-30,,,,,,,10830.434108554,,,,,47.06734683354803,,
1983-10-31,,,,39.42,,,10914.990468438,,,,,45.895554154968906,,
1983-11-30,,,,38.78,,,11133.906408303,,,,,46.2033046986319,,
1983-12-31,,,,39.6133,,,11327.123838141,,,,,46.44907112736058,,
1984-01-31,,,,40.2053,,,12049.19378754,,,,,45.2761207702242,,
1984-02-29,,,,40.2362,,,11924.002467359,,,,,37.96678653200387,,
1984-03-31,,,,40.0785,,,12131.13968709,,,,,36.520213654154986,,
1984-04-30,,,,39.7838,,,12800.819986596,,,,,41.731594507628515,,
1984-05-31,,,,39.7157,,,12978.738986484,,,,,37.703322216020666,,
1984-06-30,,,,39.8432,,,13348.33345,,,,,36.55784074837833,,
1984-07-31,,,,39.4768,,,14003.4015,,,,,35.95544822931323,,
1984-08-31,,,,39.0919,,,14146.71048,,,,,29.549566935769512,,
1984-09-30,,,,39.1588,,,14585.571,,,,,34.67208104317952,,
1984-10-31,,,,39.2263,,,15103.877644953,,,,-0.4913749365804132,38.37737823617591,,
1984-11-30,,,,39.4195,,,15540.58875,,,,1.6490458999484314,39.57894183851556,,
1984-12-31,,,,39.509,,,15980.256144336,,,,-0.26329540836033116,41.07955711163716,,
1985-01-31,,,,39.3206,,,17038.097783388,,,,-2.2004561587651406,41.40446310197945,,
1985-02-28,,,,39.2282,,,18004.6902,,,,-2.5052067541169287,50.99535788663576,,
1985-03-31,,,,39.544,,,17769.003182386,,,,-1.3336327457364905,46.47431025211781,,
1985-04-30,,,,39.7285,,,17874.85847,,,,-0.13900130203752248,39.638386358976454,,
1985-05-31,,,,39.906,,,18099.6012,,,,0.47915559841573696,39.45577624181242,,
1985-06-30,,,,39.8569,,,18588.91804,,,,0.03438478837041181,39.26021633809276,,
1985-07-31,,,,40.1363,,,18157.52728,,,,1.6706014671908687,29.665119435445717,,
1985-08-31,,,,40.5006,,,18582.7616000001,,,,3.603559816739521,31.357474419735908,,
1985-09-30,,,,40.4647,,,18879.54393,,,,3.3348825806715165,29.43986855228362,,
1985-10-31,,,,40.1953,,,19584.74232,,,,2.4702814183341415,29.666982084857494,,
1985-11-30,,,,39.9813,,,20075.32296,,,,1.425182967820482,29.179938308321816,,
1985-12-31,,,,39.906,,,20534.9824,,,,1.0048343415424377,28.502210568623255,,
1986-01-31,,,,39.5925,,,21387.78705,,,,0.6914950433106304,25.52919534745781,,
1986-02-28,,,,39.2388,,,21246.84486,,,,0.02702137747843114,18.007278236867407,,
1986-03-31,,,,39.0274,,,22865.5003100001,,,,-1.3063928788185186,28.68195292275111,,
1986-04-30,,,,38.6895,,,23307.7913300001,,,,-2.6152510162729348,30.394270640622857,,
1986-05-31,,,,38.4605,,,25383.49126,,,,-3.6222623164436363,40.243373207582046,,
1986-06-30,,,,38.1626,,,26198.97771,,,,-4.250957801535005,40.93869074910397,,
1986-07-31,,,,38.119,,,27074.6965299999,,,,-5.0261234842274956,49.110041871295486,,
1986-08-31,,,,37.4225,,,29774.19372,,,,-7.600134318997743,60.22480598362645,,
1986-09-30,,,,36.8847,,,31485.5045999999,,,,-8.847217451259981,66.7704724051557,,
1986-10-31,,,,36.6475,,,33964.5471899999,,,,-8.82640507721052,73.4235081322219,,
1986-11-30,,,,36.4382,,,35362.2457600001,,,,-8.861892934947079,76.14783000233287,,
1986-12-31,,,,36.0014,,,37859.8143,,,,-9.784493559865693,84.3674056423832,,
1987-01-31,,,,35.304,,,38723.1564999999,,,,-10.831596893351014,81.05265593618253,,
1987-02-28,,,,35.0556,,,40971.6719199999,,,,-10.660876479403036,92.83649967781568,,
1987-03-31,,,,34.6811,,,42395.6241500001,,,,-11.136534844750102,85.41306149097731,,
1987-04-30,,,,33.8257,,,44013.95676,,,,-12.571369493014917,88.8379561016081,,
1987-05-31,,,,32.354,,,46568.9337499999,,,,-15.87732868787458,83.46149973224726,,
1987-06-30,,,,31.2264,,,47508.62382,,,,-18.175386373045853,81.33770082893818,,
1987-07-31,,,,31.1141,,,48099.0517600001,,,,-18.376400220362545,77.65315192620656,,
1987-08-31,,,,30.2905,,,48908.6234000001,,,,-19.05805331017435,64.26514806729114,,
1987-09-30,,,,30.151,,,50719.7474100001,,,,-18.256079078859266,61.08919979005278,,
1987-10-31,,,,30.0361,,,53097.7716500002,,,,-18.040521181526703,56.33292960735729,,
1987-11-30,,,,29.8133,,,53855.87717,,,,-18.18119446075821,52.29767231276617,,
1987-12-31,,,,28.9586,,,54098.89772,,,,-19.562572566622404,42.892665271208166,,
1988-01-31,,,,28.6278,,,55468.3491199999,,,,-18.910605030591434,43.243356517178654,,
1988-02-29,,,,28.665,,,56359.7335000001,,,,-18.229897648307258,37.55780728217897,,
1988-03-31,,,,28.6871,,,53886.3674800002,,,,-17.28318882619063,27.10360694147269,,
1988-04-30,,,,28.6955,,,53651.30435,,,,-15.166574527652044,21.89611727605105,,
1988-05-31,,,,28.6662,,,54453.5208000001,,,,-11.398281510786923,16.931001882773877,,
1988-06-30,,,,28.7232,,,53658.7380000001,,,,-8.016293905157179,12.945258535169458,,
1988-07-31,,,,28.7258,,,54597.11488,,,,-7.6759411327983145,13.509753066283503,,
1988-08-31,,,,28.6935,,,54570.8581300002,,,,-5.272280087816316,11.577170519994828,,
1988-09-30,,,,28.9139,,,53476.1148000001,,,,-4.1030148253789145,5.43450535689487,,
1988-10-31,,,,28.88,,,52923.9206900001,,,,-3.849034994556555,-0.32741667794659035,,
1988-11-30,,,,28.17,,,54549.9304500001,,,,-5.511969490126889,1.2887233788974717,,
1988-12-31,,,,28.1986,,,54913.5996699999,,,,-2.624436264184049,1.50594926021701,,
1989-01-31,,,,27.8206,,,57108.5192999998,,,,-2.819636856482166,2.956947891943873,,
1989-02-28,,,,27.7163,,,57631.7951999998,,,,-3.3096110238967302,2.257039948564876,,
1989-03-31,,,,27.5915,,,58138.4269199999,,,,-3.8191382189207035,7.890788781741231,,
1989-04-30,,,,26.9978,,,58827.3581999999,,,,-5.916258646826145,9.64758250094604,,
1989-05-31,,,,25.7885,,,60276.1400999998,,,,-10.038651792005915,10.692824292088176,,
1989-06-30,,,,26.0228,,,59650.8873600002,,,,-9.401459447415327,11.167145526232991,,
1989-07-31,,,,25.8164,,,58814.0541000001,,,,-10.12817745719875,7.72374003510734,,
1989-08-31,,,,25.6848,,,58903.7377500002,,,,-10.485650060118147,7.939914761241429,,
1989-09-30,,,,25.7367,,,57665.88737,,,,-10.98848650648997,7.834848484542278,,
1989-10-31,,,,25.7393,,,57454.6758600002,,,,-10.875000000000002,8.560883454834789,,
1989-11-30,,,,26.0289,,,57213.7947499998,,,,-7.600638977635787,4.883350497470151,,
1989-12-31,,,,26.1385,,,55719.07056,,,,-7.305681842360967,1.4667967404077054,,
1990-01-31,12054.35,,,26.0814,,,55590.2622,,,,-6.251482714247714,-2.6585474787468533,,
1990-02-28,,,,26.1175,,,55581.2178999998,,,,-5.76844672629464,-3.558065982299996,,
1990-03-31,10755.87,,,26.3612,,,53628.0711399999,,,,-4.458981932841633,-7.757959784853452,,
1990-04-30,9292.37,,,26.3687,,,53170.3758099999,,,,-2.3301898673225296,-9.616244147438202,,
1990-05-31,7290.88,,,26.9608,,,52113.2168699999,,,,4.545824689299494,-13.542544722434746,,
1990-06-30,5049.58,,,27.3907,,,48064.3121600002,,,,5.2565442611863356,-19.423977936947757,,
1990-07-31,5618.21,,,27.1627,,,48286.68892,,,,5.214902155219159,-17.899404047373913,,
1990-08-31,3635.28,,,27.2913,,,48821.6059200001,,,,6.25467202392076,-17.116285341332294,,
1990-09-30,2705.01,,,27.3018,,,48895.4290000001,,,,6.081199221345401,-15.20909287968857,,
1990-10-31,3318.53,,,27.288,,,49103.3235200001,,,,6.0168691456255585,-14.535548612875026,,
1990-11-30,4377.27,,,27.2449,,,50096.8136400001,,,,4.671730269047103,-12.43927472578581,,
1990-12-31,4530.16,,,27.1619,,,50919.5033100001,,,,3.9152973583028716,-8.613868109719414,,
1991-01-31,4023.72,,,27.1968,,,52162.6801799999,,,,4.276610918125567,-6.165795742550206,,
1991-02-28,5033.37,,,27.1088,,,53249.6462799998,,,,3.7955393892983524,-4.194891202626938,,
1991-03-31,5139.94,,,27.3113,,,54461.3819400001,,,,3.604160660364464,1.5538705425835353,,
1991-04-30,5921.29,,,27.333,,,55170.5428600002,,,,3.6569872614121923,3.7618072461021113,,
1991-05-31,5610.72,,,27.2816,,,55048.9896,,,,1.1898756713450753,5.633451370548848,,
1991-06-30,5768.08,,,27.166,,,54891.1946999998,,,,-0.8203514331506678,14.203641398786182,,
1991-07-31,5178.06,,,26.9817,,,55387.92256,,,,-0.6663549647126454,14.706400042805011,,
1991-08-31,4543.53,,,26.7296,,,56673.6673999998,,,,-2.0581650562633502,16.083169187155022,,
1991-09-30,,,,26.5587,,,55841.8210000001,,,,-2.721798562732125,14.206628599168214,,
1991-10-31,4389.86,,,26.4058,,,56482.4793599999,,,,-3.232922896511292,15.027813416731806,,
1991-11-30,4378.5,,,25.9753,,,57074.5850400002,,,,-4.659954707119496,13.928573282410639,,
1991-12-31,4600.67,,,25.7586,,,57608.5114500001,,,,-5.166427974478949,13.136436345965574,,
1992-01-31,5391.63,,,25.15,,,59255.1043499999,,,,-7.525885398282151,13.596740323782974,,
1992-02-29,5142.42,,,25.0486,,,60260.9743999999,,,,-7.599746207873448,13.166900833730999,,
1992-03-31,4800.94,,,25.4065,,,60168.7440000001,,,,-6.974402536678948,10.47964972003057,,
1992-04-30,4496.19,,,25.3079,,,60438.7471599998,,,,-7.408992792595026,9.548944104770008,,
1992-05-31,4496.58,,,25.0158,,,60573.6586,,,,-8.305231364729348,10.035913538365836,,
1992-06-30,4523.81,,,24.7695,,,60532.3773600002,,,,-8.821688875800627,10.27702656287861,,
1992-07-31,4108.52,,,24.7828,,,60931.2578000001,,,,-8.14959769028637,10.008202120227882,,
1992-08-31,3946.35,,,25.1203,,,60316.3271699999,,,,-6.02066622770262,6.427429063819701,,
1992-09-30,3524.21,,,25.2269,,,60768.9568799998,,,,-5.014552670123162,8.823379667363817,,
1992-10-31,3631.73,,,25.278,,,62101.6949700001,,,,-4.271031364321476,9.948599412899783,,
1992-11-30,3675.01,,,25.4045,,,60870.4945919999,,,,-2.1974722139879166,6.650787823230542,,
1992-12-31,3377.06,,,25.4515,,,59858.6846199998,,,,-1.1922231798312088,3.9059734635787047,,
1993-01-31,3374.56,,,25.4519,,,59713.4270500001,,,,1.2003976143141193,0.7734737876639919,,
1993-02-28,4384.67,,,25.8371,,,59917.04388,,,,3.1478805202685978,-0.5707350792520494,,
1993-03-31,4825.29,,,26.0263,,,59525.44,,,,2.439533190325305,-1.0691664097227882,,
1993-04-30,4563.52,,,25.9869,,,59669.594217,,,,2.68295670521852,-1.2726156301083202,,
1993-05-31,4267.9,,,25.9779,,,59926.9945959999,,,,3.8459693473724688,-1.0675663629142296,,
1993-06-30,3995.51,,,26.2666,,,59843.8306440001,,,,6.044126849552867,-1.1374850055948627,,
1993-07-31,3960.38,,,26.6821,,,59544.6133100001,,,,7.663782946236886,-2.275752282271115,,
1993-08-31,3892.04,,,26.95,,,59479.3739580002,,,,7.283750592150562,-1.387606393275198,,
1993-09-30,3832.69,,,26.9311,,,59869.5084609998,,,,6.755487198189236,-1.480111664210626,,
1993-10-31,4131.68,,,26.8646,,,60422.2748702399,,,,6.276604161721666,-2.704306380963506,,
1993-11-30,4353.9,,,26.8838,,,60592.4310360598,,,,5.822984116987162,-0.45681172430730443,,
1993-12-31,6070.56,,,26.7683,,,60844.1517922699,,,,5.173761860794057,1.646322799316624,,
1994-01-31,6115.12,,,26.495,,,60914.457252,,,,4.098318789559929,2.0113235185684974,,
1994-02-28,5414.64,,,26.4402,,,61575.957135,,,,2.3342402978662413,2.7686834122231163,,
1994-03-31,5249.22,,,26.4141,,,61452.064212,,,,1.4900312376327163,3.23664001811661,,
1994-04-30,5737.33,,,26.3886,,,61388.173496,,,,1.5457788347205792,2.8801591523315295,,
1994-05-31,5891.56,,,26.7919,,,61940.94005,,,,3.133432648520462,3.360664868273777,,
1994-06-30,5932.6,,,27.0176,,,62237.611776,,,,2.8591443125490112,4.000046631774046,,
1994-07-31,6720.05,,,26.6578,,,62630.778696,,,,-0.09107229191104294,5.182946390016441,,
1994-08-31,7008.11,,,26.4191,,,62848.5795,,,,-1.969944341372909,5.664493954457006,,
1994-09-30,7091.13,,,26.2097,,,62544.059136,,,,-2.6786874654210147,4.467300206318647,,
1994-10-31,6526.47,,,26.1315,,,62158.03636,,,,-2.728869962701852,2.8727178734791803,,
1994-11-30,6363.72,,,26.188,,,63335.228032,,,,-2.5881757787217685,4.5266330283198375,,
1994-12-31,7124.66,,,26.381,,,63331.267362,,,,-1.4468606523387773,4.087682211794896,,
1995-01-31,,,,26.2995,,,63115.580352,,,,-0.7378750707680792,3.613465832739937,,
1995-02-28,6509.33,,,26.3389,,,63700.014231,,,,-0.38312872066021963,3.44949099425802,,
1995-03-31,6524.0,,,26.1022,,,62758.163814,,,,-1.1808087347287999,2.125395816638753,,
1995-04-30,5803.78,,,25.491,,,63271.44252,,,,-3.401468816079678,3.067804296413379,,
1995-05-31,5674.55,,,25.5373,,,63655.919064,,,,-4.682758594948478,2.768732622746173,,
1995-06-30,5444.97,,,25.7841,,,64007.328164,,,,-4.565542461210481,2.8434837672907554,,
1995-07-31,5180.42,,,26.278,,,63455.376576,,,,-1.4247237206371222,1.3166016728012764,,
1995-08-31,4809.93,,,27.2339,,,62303.81976,,,,3.0841323133641962,-0.8667813088758858,,
1995-09-30,5033.06,,,27.432,,,60151.26909,,,,4.663540597565019,-3.825767113702927,,
1995-10-31,4817.04,,,26.9252,,,61224.960384,,,,3.037330424966034,-1.5011348984641626,,
1995-11-30,4777.2,,,27.2567,,,61080.682,,,,4.080876737437,-3.5597030310854705,,
1995-12-31,5173.73,,,27.3145,,,60754.06568,,,,3.5385315188961597,-4.069398559906867,,
1996-01-31,4763.4,,,27.4057,,,61693.67468,,,,4.206163615277858,-2.252860013438729,,
1996-02-29,4797.67,,,27.4845,,,61333.85056,,,,4.349460303961061,-3.7145418247779505,,
1996-03-31,5032.35,,,27.4,,,56491.59329,,,,4.971994697764925,-9.985267482606087,,
1996-04-30,6134.28,,,27.1877,,,58417.782961,,,,6.656074693028913,-7.671169433928693,,
1996-05-31,5966.82,,,27.3518,,,58773.986096,,,,7.105293041942584,-7.6692521917587575,,
1996-06-30,6560.41,,,27.674,,,59015.162823,,,,7.329710945893009,-7.799365298000005,,
1996-07-31,6106.97,,,27.5727,,,58766.022408,,,,4.926935078773131,-7.390002898152536,,
1996-08-31,6324.6,,,27.4964,,,59264.332771,,,,0.9638722327687255,-4.878492202738737,,
1996-09-30,6504.68,,,27.5,,,60219.193788,,,,0.24788568095654995,0.11292313367214923,,
1996-10-31,6426.09,,,27.5323,,,60331.348609,,,,2.254765052812968,-1.4595546806323911,,
1996-11-30,6826.06,,,27.5216,,,60699.133575,,,,0.9718711362710852,-0.6246630072008652,,
1996-12-31,,,,27.5162,,,61224.442416,,,,0.7384356294275918,0.7742308777778595,,
1997-01-31,,,,27.4767,,,63379.637253,,,,0.2590701934269246,2.7327964848016473,,
1997-02-28,7875.32,,,27.5542,,,63995.55739,,,,0.2535974822172493,4.339702799836731,,
1997-03-31,8004.2,,,27.551,,,64020.331771,,,,0.5510948905109503,13.327183820699062,,
1997-04-30,8485.66,,,27.6286,,,65138.953782,,,,1.6216892197574717,11.505350734530762,,
1997-05-31,8163.11,,,27.791,,,64670.477976,,,,1.6057444117023367,10.032485920503698,,
1997-06-30,9030.28,,,27.9029,,,64853.019725,,,,0.8271301582712942,9.892130467400516,,
1997-07-31,10066.35,,,28.0323,,,65338.53711,,,,1.6668661393334672,11.184208889225866,,
1997-08-31,9756.47,,,28.8238,,,64384.401238,,,,4.827541059920559,8.6393758734856,,
1997-09-30,8708.83,,,28.7314,,,62812.225224,,,,4.477818181818183,4.305988295241381,,
1997-10-31,7313.4,,,29.6964,,,59929.76664,,,,7.860222357013402,-0.6656273699475856,,
1997-11-30,7797.19,,,31.7944,,,61046.113635,,,,15.525260159293076,0.5716392303545259,,
1997-12-31,8187.27,,,32.5023,,,61887.674304,,,,18.120598047695523,1.0832795887197433,,
1998-01-31,8085.47,,,34.117,,,62459.07885,,,,24.167021512772635,-1.4524513596146038,,
1998-02-28,9202.56,,,32.9484,,,62219.554732,,,,19.576688853241976,-2.775196795578694,,
1998-03-31,9091.16,,,32.5236,,,62591.429705,,,,18.04870966571088,-2.231950423361073,,
1998-04-30,8304.21,,,33.0155,,,62400.48256,,,,19.497549640589853,-4.20404544900248,,
1998-05-31,7903.34,,,33.4655,,,63238.147114,,,,20.418480803137705,-2.214814095747919,,
1998-06-30,7548.81,,,34.5527,,,62548.452288,,,,23.8319314479857,-3.553523716817175,,
1998-07-31,7653.51,,,34.3874,,,62886.593583,,,,22.670633519190364,-3.7526758869303345,,
1998-08-31,6550.11,,,34.7305,,,62334.014644,,,,20.492440275050484,-3.18460147889027,,
1998-09-30,6833.95,,,34.6462,,,61434.850081,,,,20.58653598501987,-2.192845641255392,,
1998-10-31,7165.98,,,33.1214,,,61460.594458,,,,11.53338451798871,2.554369729479733,,
1998-11-30,7177.22,,,32.6026,,,63814.104774,,,,2.5419570742017505,4.5342626650241025,,
1998-12-31,6418.43,,,32.3373,,,64161.533315,,,,-0.5076563812407064,3.674171047098196,,
1999-01-31,5998.32,,,32.3,,,66140.20872,,,,-5.325790661547025,5.893666601841008,,
1999-02-28,6318.52,,,32.5642,,,67822.511568,,,,-1.166065727015575,9.00513811153707,,
1999-03-31,6881.72,,,33.1654,,,68494.741315,,,,1.973336285036087,9.431501465652614,,
1999-04-30,7371.17,,,32.965,,,70395.36328,,,,-0.15295845890566095,12.812209765065008,,
1999-05-31,7316.57,,,32.7905,,,71316.611016,,,,-2.0170025847514483,12.77466888369907,,
1999-06-30,8467.37,,,32.525,,,73138.674096,,,,-5.868427069375192,16.931229184118045,,
1999-07-31,7326.75,,,32.3376,,,72273.431496,,,,-5.960904284708923,14.92661214128399,,
1999-08-31,8157.73,,,32.0764,,,73095.30052,,,,-7.641986150501722,17.263906291708487,,
1999-09-30,,,,31.8481,,,73252.565892,,,,-8.076210378050119,19.23617587642632,,
1999-10-31,7854.85,,,31.8275,,,74366.29254,,,,-3.9065377671233747,20.998329410593808,,
1999-11-30,7720.87,,,31.7943,,,75596.515914,,,,-2.4792501211559848,18.463647154070163,,
1999-12-31,8448.84,,,31.6248,,,77376.3642,,,,-2.203337941015482,20.596189339992854,,
2000-01-31,9744.89,,,30.8895,,,81345.957466,,,,-4.366873065015464,22.990173512110456,,
2000-02-29,9435.94,,,30.8058,,,84850.08546,,,,-5.399794866755514,25.106079822667525,,
2000-03-31,9854.95,,,30.7198,,,83899.46492,,,,-7.373949959897963,22.490374164865166,,
2000-04-30,8777.35,,,30.5203,,,86159.20586,,,,-7.416047322918262,22.39329672509647,,
2000-05-31,8939.52,,,30.7718,,,85697.494174,,,,-6.156356261722151,20.16484372031313,,
2000-06-30,8265.09,,,30.8305,,,85120.59421,,,,-5.209838585703297,16.38246832075849,,
2000-07-31,8114.92,,,30.9838,,,86441.047178,,,,-4.186457869477023,19.60279924273984,,
2000-08-31,7616.98,,,31.1061,,,86631.016472,,,,-3.02496539511915,18.51790177440533,,
2000-09-30,6185.14,,,31.1977,,,86037.301827,,,,-2.042194039832823,17.45295305266057,,
2000-10-31,5544.18,,,31.8457,,,85243.731456,,,,0.05718325347576769,14.626840392976792,,
2000-11-30,5256.93,,,32.4333,,,84425.808012,,,,2.009794208395843,11.679496060432681,,
2000-12-31,4739.09,,,33.123,,,81925.979388,,,,4.737421264324193,5.879851340960274,,
2001-01-31,5936.2,188898936.0,,32.6731,,,83261.578296,,,,5.774130367924357,2.354905996159262,,
2001-02-28,5674.69,219116926.0,,32.33,,,85173.755265,,,,4.947769575859073,0.3814607884544685,,
2001-03-31,5797.92,236721299.0,818.67,32.6216,,,87761.011276,,,,6.19079551299162,4.602587584655127,,
2001-04-30,5381.67,262090680.0,768.77,32.9405,,,88207.201388,,,,7.929804097600623,2.376989791813755,,
2001-05-31,5048.86,239408982.0,711.37,33.2032,,,88212.23059,,,,7.901390233915473,2.9344340114473955,,
2001-06-30,4883.43,199336691.0,677.21,34.328,,,87605.004375,,,,11.344285691117562,2.918694574512437,,
2001-07-31,4352.98,162649922.0,607.91,34.8214,,,87474.970276,,,,12.385827432400154,1.1961020044920723,,
2001-08-31,4509.44,141940762.0,613.85,34.6391,,,87829.274584,,,,11.357900861888815,1.3831744804555957,,
2001-09-30,3636.94,145089938.0,485.04,34.5848,,,89371.008,,,,10.856890091256721,3.874721896443556,,
2001-10-31,3903.49,110577192.0,544.95,34.5827,,,90935.896998,,,,8.59456692740308,6.677518035373797,,
2001-11-30,4441.12,116578372.0,627.81,34.4975,,,95701.084765,,,,6.364446417725,13.35524884925874,,
2001-12-31,5551.24,143451315.0,758.0,34.682,,,97245.248076,,,,4.706699272408921,18.69891431562656,,
2002-01-31,5872.14,212419351.0,782.7,35.0271,,,99536.798625,12.451322118616904,,,7.204703563481885,19.547095625716572,,
2002-02-28,5696.11,246449199.0,754.89,35.0732,,,100690.60792,12.47383006824403,,,8.48499845344881,18.217880151840916,,
2002-03-31,6167.47,240597119.0,816.84,35.0195,,,102676.825449,1.6372924685581491,,,7.350651102337102,16.995946099676516,,
2002-04-30,6065.73,265344270.0,785.9,34.9173,,,104861.006658,1.2413985876949196,,,6.0011232373521795,18.880323837443093,,
2002-05-31,5675.65,263787011.0,739.42,34.4536,,,108333.031158,10.18258746866898,,,3.7659020817270683,22.80953608521599,,
2002-06-30,5153.71,237000030.0,676.78,33.889,,,111421.207314,18.894333406989293,,,-1.278839431367984,27.185893213420663,,
2002-07-31,4940.38,196138585.0,617.24,33.2723,,,117409.388616,20.58941227159028,,,-4.448701086113704,34.220552742746044,,
2002-08-31,4764.94,202420526.0,579.56,33.8841,,,117842.868144,42.609158319158524,,,-2.1796178307173175,34.17265336888895,,
2002-09-30,4191.81,199803864.0,496.81,34.573,,,118722.886122,37.71035176815638,,,-0.03411903495177393,32.84272917901967,,
2002-10-31,4579.14,187657987.0,544.45,34.9468,,,119267.492292,69.70767986222693,,,1.0528385580073296,31.155568075193795,,
2002-11-30,4646.69,203499743.0,551.53,34.6732,,,120180.308104,74.56046049433596,,,0.5093122690049912,25.57883580850755,,
2002-12-31,4452.45,215874392.0,512.82,34.799,,,118906.394112,50.486171562805126,,,0.3373507871518244,22.274760427441322,,
2003-01-31,5015.16,220165923.0,561.46,34.5714,,,119749.33672,3.6468297090315405,,,-1.3009926599689914,20.30659853864676,,
2003-02-28,4432.46,237249670.0,501.15,34.7342,,,121336.660984,-3.732829742327548,,,-0.9665499583727755,20.504447724065344,,
2003-03-31,4321.22,221423187.0,497.58,34.7216,,,122751.77739,-7.9693107214637955,,,-0.8506689130341583,19.551590004086485,,
2003-04-30,4148.07,194215426.0,493.55,34.8239,,,123298.974015,-26.80624835049199,,,-0.2674891815804603,17.583244663228047,,
2003-05-31,4555.9,169015257.0,540.68,34.697,,,123404.848021,-35.92737703070603,,,0.7064573803608365,13.91248514132155,,
2003-06-30,4872.15,165085481.0,579.48,34.6329,,,126126.947728,-30.3436877202083,,,2.1951075570243894,13.198331599977408,,
2003-07-31,5318.34,201089544.0,637.34,34.3968,,,130901.506944,2.5242147025787975,,,3.379688209110876,11.491515701633892,,
2003-08-31,5650.83,230546607.0,697.53,34.3181,,,134809.804844,13.894875957391783,,,1.2808367346336613,14.39793257515336,,
2003-09-30,5611.41,240013482.0,702.89,33.9948,,,133289.235552,20.124544738534176,,,-1.6724033205102296,12.269200914667433,,
2003-10-31,6045.12,250406892.0,750.11,33.8745,,,137318.017088,33.43790797457504,,,-3.0683782206096244,15.13448840846532,,
2003-11-30,5771.77,267846547.0,701.79,34.0361,,,140002.638588,31.620091038640762,,,-1.8374421743594604,16.49382564974491,,
2003-12-31,5890.69,270113849.0,718.83,34.0564,,,139055.277352,25.12547064869093,,,-2.1339693669358395,16.94516379078943,,
2004-01-31,6375.38,272547417.0,779.84,33.6685,,,145091.599302,23.791826312739595,,,-2.6116963733027743,21.162758204879005,,
2004-02-29,6750.54,282456159.0,806.06,33.2137,,,151886.348526,19.054394891255267,,,-4.37752992727628,25.17762339448948,,
2004-03-31,6522.19,337281164.0,791.51,33.2522,,,153003.148166,52.32422971131745,,,-4.231947836505235,24.644344399093356,,
2004-04-30,6117.81,323063040.0,744.35,32.9705,,,156808.7931,66.34262615164255,,,-5.322206875163326,27.17769499113867,,
2004-05-31,5977.84,336134698.0,749.75,33.4442,,,155909.593457,98.8783166480645,,,-3.6106868028936256,26.33992582728082,,
2004-06-30,5839.44,305325243.0,706.47,33.5677,,,156928.4963,84.94978549930747,,,-3.075688146242439,24.421068714376016,,
2004-07-31,5420.57,292803554.0,645.77,33.8062,,,158052.546372,45.60854243122656,,,-1.7170201879244673,20.74157896411024,,
2004-08-31,5765.54,258712243.0,686.47,34.0232,,,158556.742092,12.21689460821256,,,-0.8593133069721204,17.615141031826,,
2004-09-30,5845.69,262514687.0,688.05,33.8929,,,158616.0384279999,9.374975444087763,,,-0.2997517267346761,19.001386549418076,,
2004-10-31,5705.93,277822285.0,694.81,33.7748,,,156815.70072,10.948338035360461,,,-0.2943216874049748,14.198926000733714,,
2004-11-30,5844.76,265704913.0,740.96,32.777,,,155692.587578,-0.7995749894808224,,,-3.699307499977955,11.206895204434254,,
2004-12-31,6139.69,263279718.0,790.77,32.1703,,,155657.999056,-2.5300927832100917,,,-5.538166100938446,11.939655955647343,,
2005-01-31,5994.23,261850636.0,770.44,31.8465,,,159648.116664,-3.9247412863942177,,,-5.411586497764986,10.032639678677358,,
2005-02-28,6207.83,241496038.0,814.6,31.4976,,,160985.440488,-14.501408340683408,,,-5.16684380240685,5.990724018519944,,
2005-03-31,6005.88,240683609.0,768.5,31.1055,,,166223.74515,-28.64006808278211,,,-6.455813449937153,8.640735267522981,,
2005-04-30,5818.07,229786564.0,756.81,31.48,,,166563.27824,-28.87253088437477,,,-4.5207079055519355,6.220623822912397,,
2005-05-31,6011.56,202207992.0,792.82,31.2652,,,171646.98147,-39.843166086947676,,,-6.515330012378828,10.093918959092395,,
2005-06-30,6241.94,199045102.0,809.88,31.3473,,,174112.7842599999,-34.80882876100748,,,-6.614692099845987,10.950393564689943,,
2005-07-31,6311.98,205334761.0,807.64,31.8855,,,174646.9129879999,-29.872859056895194,,,-5.681502209653844,10.499271917418284,,
2005-08-31,6033.47,223423726.0,758.15,32.0757,,,174050.942688,-13.64006457166389,,,-5.724035364104507,9.772022552664295,,
2005-09-30,6118.61,219532907.0,757.22,32.9248,,,175061.90286,-16.373095346090103,,,-2.8563504450784705,10.368348998619915,,
2005-10-31,5764.3,215659942.0,712.46,33.4675,,,174302.46996,-22.374858445930645,,,-0.9098499472979804,11.151159711503155,,
2005-11-30,6203.47,201007180.0,776.01,33.58,,,176796.98694,-24.349468088307425,,,2.4498886414253906,13.55517285074792,,
2005-12-31,6548.34,202986567.0,823.82,33.2861,,,177216.8814,-22.90079595117159,,,3.4684165208282103,13.850160271072177,,
2006-01-31,6532.18,235063292.0,855.81,32.035,16971.0,14795.0,178011.878598,-10.230009141547402,,,0.5919017788453829,11.502648648620717,2176.0,
2006-02-28,6561.63,237455345.0,855.84,32.3189,15552.0,16400.0,179076.073129,-1.6731922533652521,,,2.6075002539876158,11.2374340102815,-848.0,
2006-03-31,6613.97,232788800.0,865.35,32.4587,18055.0,16610.0,178402.9048869999,-3.2801606361154367,,,4.350356046358361,7.326967471470125,1445.0,
2006-04-30,7171.77,237190836.0,945.42,32.288,18964.0,16787.0,176087.071335,3.2222388772913613,,,2.56670902160101,5.717822797217753,2177.0,
2006-05-31,6846.95,259178046.0,878.5,31.7368,19077.0,18477.0,174636.817957,28.17398730708922,,,1.5083863208935178,1.7418520625266831,600.0,
2006-06-30,6704.41,278407315.0,861.83,32.4395,18263.0,17157.0,175987.903364,39.87147244648099,,,3.484191620968957,1.076956589930811,1106.0,
2006-07-31,6454.58,243771494.0,811.79,32.617,19737.0,18234.0,175468.182836,18.719057997199016,,,2.2941462420222214,0.4702458428546663,1503.0,
2006-08-31,6611.77,234159271.0,834.25,32.7609,19502.0,18388.0,175353.458508,4.8050156499493735,,,2.1361965600127153,0.7483532119299419,1114.0,
2006-09-30,6883.05,221509142.0,871.7,32.9035,20266.0,17426.0,177157.646585,0.9001998957723467,,,-0.06469287588686257,1.197144376224446,2840.0,
2006-10-31,7021.32,227262199.0,880.26,33.1938,20002.0,17805.0,176901.453218,5.379885059970935,,,-0.8178083215059306,1.4910765513514779,2197.0,
2006-11-30,7567.72,239828461.0,966.77,32.8081,19697.0,17432.0,175854.1049999999,19.313380248407054,,,-2.2986896962477577,-0.5333133535358803,2265.0,
2006-12-31,7823.72,256968484.0,978.06,32.5115,19818.0,16932.0,176912.833968,26.593837118295617,,,-2.327097497153463,-0.17156798471910095,2886.0,
2007-01-31,7699.64,277921683.0,960.78,32.7695,20008.0,18329.0,178486.361984,18.232702620364893,17.895233044605497,23.886448124366332,2.2928047448103728,0.2665459124059355,1679.0,-497.0
2007-02-28,7901.96,281556272.0,978.88,32.9684,15029.0,12980.0,178097.996499,18.57230335244717,-3.362911522633749,-20.853658536585364,2.009659982239498,-0.5461794046016544,2049.0,2897.0
2007-03-31,7884.41,279462727.0,955.6,33.0095,19928.0,17992.0,177120.54245,20.04990231488799,10.37385765715868,8.320288982540646,1.696925631648849,-0.7188013209830535,1936.0,491.0
2007-04-30,7875.42,289098391.0,954.34,33.1452,19986.0,18664.0,174873.96206,21.884300369850717,5.389158405399708,11.181271221778765,2.6548562933597752,-0.688925805740781,1322.0,-855.0
2007-05-31,8144.95,280759775.0,992.98,33.2777,19726.0,18474.0,175627.304699,8.326989624730796,3.4020024112805913,-0.016236402013314333,4.855246905800215,0.5671694855571063,1252.0,652.0
2007-06-30,8883.21,291651897.0,1088.93,32.9743,20262.0,18964.0,175545.898536,4.7572679618709035,10.945627771998033,10.53214431427405,1.6486074076357493,-0.2511563690180463,1298.0,192.0
2007-07-31,9287.25,317263032.0,1092.87,32.8095,21407.0,21160.0,173904.583664,30.147716123034463,8.461265643208193,16.04694526708348,0.5901830333875147,-0.8911012507956451,247.0,-1256.0
2007-08-31,8982.16,390424925.0,1065.4,32.9617,21446.0,18319.0,170538.434328,66.73477130871322,9.968208388883193,-0.3752447248205337,0.612925774322437,-2.7458963290309613,3127.0,2013.0
2007-09-30,9476.52,371846504.0,1120.4,33.01,22345.0,19282.0,168912.68589,67.86959700290835,10.258561136879507,10.650751750258225,0.32367377330677627,-4.654024736687889,3063.0,223.0
2007-10-31,9711.37,391166389.0,1183.27,32.5473,22903.0,19528.0,169175.264396,72.12118457060252,14.503549645035507,9.677057006458867,-1.9476528749344801,-4.367510091892135,3375.0,1178.0
2007-11-30,8586.4,409849538.0,1057.34,32.3275,22080.0,17909.0,169848.7974,70.89278573988764,12.098289079555258,2.736346948141355,-1.4648821480061414,-3.4149373993856424,4171.0,1906.0
2007-12-31,8506.28,378189069.0,1041.59,32.4115,23671.0,21515.0,171056.044532,47.173327683250065,19.441921485518222,27.067091896999763,-0.307583470464301,-3.310550910658838,2156.0,-730.0
2008-01-31,7521.13,334346118.0,951.76,32.3586,22317.0,20967.0,171017.32739,20.30227882579425,11.54038384646141,14.392492771018595,-1.2539098857168973,-4.184652827799551,1350.0,-329.0
2008-02-29,8412.76,297937133.0,1081.13,31.6125,17797.0,16324.0,172510.725552,5.817970554745799,18.41772573025484,25.762711864406775,-4.112726125623334,-3.1371891075885228,1473.0,-576.0
2008-03-31,8572.59,305766672.0,1108.28,30.5771,24461.0,24640.0,174436.12368,9.412326746528876,22.746888799678857,36.949755446865275,-7.3687877732168,-1.5155886115004513,-179.0,-2115.0
2008-04-30,8919.92,329947407.0,1155.25,30.3555,22810.0,21995.0,178211.957319,14.129797076594585,14.12989092364656,17.84719245606514,-8.416603309076432,1.9088006125547397,815.0,-507.0
2008-05-31,8619.08,349012355.0,1123.68,30.589,23784.0,21652.0,178979.57154,24.30995679491479,20.571834127547394,17.20255494208076,-8.079584827076403,1.9087389895012574,2132.0,880.0
2008-06-30,7523.54,358427077.0,1010.82,30.3705,24540.0,23153.0,178380.365295,22.89550683087105,21.113414273023402,22.08922168318921,-7.896452691944933,1.6146584925302188,1387.0,89.0
2008-07-31,7024.06,304968936.0,916.53,30.4141,23119.0,23656.0,179468.939304,-3.875048385719271,7.997384033260158,11.79584120982986,-7.300934180648888,3.199660137050131,-537.0,-784.0
2008-08-31,7046.11,265025090.0,899.65,31.2205,25437.0,25465.0,179687.4443910001,-32.118808756894815,18.60953091485591,39.00867951307385,-5.282494531532045,5.364778971409834,-28.0,-3155.0
2008-09-30,5719.28,245216643.0,742.41,31.9924,22061.0,21176.0,180532.97097,-34.05433684002042,-1.270977847393151,9.82263250700135,-3.0827022114510716,6.879462616305454,885.0,-2178.0
2008-10-31,4870.66,183959277.0,610.98,32.7025,21011.0,18042.0,186892.832168,-52.9716043675726,-8.260926516176925,-7.609586235149523,0.4768444694337237,10.472906801863925,2969.0,-406.0
2008-11-30,4460.49,138532280.0,541.61,33.1028,16939.0,15426.0,188636.319045,-66.1992348030901,-23.28351449275362,-13.864537383438492,2.398267728713943,11.061321559289405,1513.0,-2658.0
2008-12-31,4591.22,117795112.0,566.74,33.1555,13774.0,11971.0,189386.977559,-68.8528512176538,-41.81065438722488,-44.35974901231698,2.2954815420452857,10.716331642738751,1803.0,-353.0
2009-01-31,4247.97,120159991.0,511.09,33.3695,12493.0,9111.0,196173.698576,-64.06119750431797,-44.020253618317874,-56.546000858491915,3.124053574629304,14.709837634540769,3382.0,2032.0
2009-02-28,4557.15,121395954.0,529.67,34.2389,12784.0,11056.0,200486.675378,-59.25450688954572,-28.16766870820925,-32.271502082822835,8.308105970739433,16.216933606001916,1728.0,255.0
2009-03-31,5210.84,131455366.0,604.19,34.3041,15706.0,12467.0,200740.5012860001,-57.0079482043746,-35.79166837005846,-49.403409090909086,12.18886029087125,15.079661856196157,3239.0,3418.0
2009-04-30,5992.57,148132860.0,705.35,33.6009,14980.0,12961.0,203400.0974879999,-55.10409936332672,-34.32704953967558,-41.07297112980223,10.691308000197663,14.133810406398851,2019.0,1204.0
2009-05-31,6890.44,160715217.0,804.91,32.8695,16341.0,13233.0,201958.603308,-53.95142472821628,-31.294147325933398,-38.88324404212082,7.455294386871114,12.838913162145115,3108.0,976.0
2009-06-30,6432.16,211059522.0,748.25,32.77,17142.0,15454.0,204586.1611039999,-41.11507317846972,-30.146699266503663,-33.25271023193539,7.9007589601751915,14.690964314184217,1688.0,301.0
2009-07-31,7077.71,202858479.0,815.83,32.8745,17435.0,15651.0,206713.253132,-33.482248500221026,-24.585838487823864,-33.83919513019953,8.089668936447225,15.180517550087735,1784.0,2321.0
2009-08-31,6825.95,207553204.0,793.89,32.8564,19170.0,17304.0,207793.072848,-21.68545098881015,-24.63733930888077,-32.04790889456116,5.23982639611793,15.64139806888345,1866.0,1894.0
2009-09-30,7509.17,208490056.0,893.72,32.5333,19274.0,16742.0,209697.2961960001,-14.977199977409361,-12.633153528851814,-20.93879863996978,1.690714044585584,16.154570031889893,2532.0,1647.0
2009-10-31,7340.08,221048337.0,860.11,32.291,19997.0,16854.0,214619.7662280001,20.161559995694045,-4.826043501023269,-6.584635849684073,-1.2583135845883442,14.835739679452264,3143.0,174.0
2009-11-30,7582.21,234529026.0,889.49,32.3189,20169.0,18174.0,215621.6551199999,69.29557934078613,19.06842198476888,17.814080124465193,-2.368077624853493,14.305482746703934,1995.0,482.0
2009-12-31,8188.11,246052442.0,957.99,32.2459,20173.0,18590.0,222108.888438,108.88170809668232,46.45709307390735,55.291955559268224,-2.7434362322993344,17.27780405007313,1583.0,-220.0
2010-01-31,7640.44,261711987.0,901.02,31.8658,21946.0,19600.0,225654.822331,117.80293492199081,75.66637316897462,115.12457468993524,-4.50621076132397,15.028071535073128,2346.0,-1036.0
2010-02-28,7436.1,263047139.0,871.33,32.0621,16846.0,16053.0,230153.203397,116.68526036707947,31.77409261576971,45.197178002894354,-6.357680883439598,14.797256706993789,793.0,-935.0
2010-03-31,7920.06,254177488.0,919.22,31.8291,23598.0,22424.0,233846.287995,93.35649485772987,50.24831274672099,79.86684847998717,-7.214881020052988,16.491832239590366,1174.0,-2065.0
2010-04-30,8004.25,260861544.0,943.08,31.4767,22130.0,20013.0,236617.6354339999,76.09971481006983,47.73030707610146,54.409381992130236,-6.321854474136113,16.33113177242196,2117.0,98.0
2010-05-31,7373.98,263626630.0,838.0,31.8345,25750.0,22761.0,244262.427825,64.03339703669752,57.579095526589555,72.00181364769892,-3.1488157714598786,20.94678009457409,2989.0,-119.0
2010-06-30,7329.37,249947766.0,829.53,32.1988,23013.0,21605.0,245032.75604,18.425249726472902,34.24921246062303,39.80199301151806,-1.7430576747024862,19.769956441696635,1408.0,-280.0
2010-07-31,7760.63,256081748.0,881.27,32.0935,24152.0,22187.0,243730.182104,26.236649935643076,38.52595354172641,41.76090984601623,-2.3757015315822305,17.907380591781518,1965.0,181.0
2010-08-31,7616.28,264536775.0,859.68,31.8695,24376.0,22178.0,246576.939927,27.45492235330658,27.15701617110067,28.166897827092008,-3.003676604862382,18.66465832928428,2198.0,332.0
2010-09-30,8237.78,278860947.0,948.7,31.641,22730.0,20940.0,244510.99098,33.752636624549616,17.930891356231182,25.07466252538526,-2.742728220008417,16.601880622943366,1790.0,-742.0
2010-10-31,8287.09,293986675.0,976.68,30.813,24551.0,21605.0,244203.119865,32.99655586189729,22.77341601240186,28.189153910051033,-4.577126753584581,13.784076908168919,2946.0,-197.0
2010-11-30,8372.48,290824194.0,997.93,30.318,24685.0,24281.0,248566.554828,24.003497119371488,22.390797758936976,33.60294926818532,-6.191114177772128,15.279031083248707,404.0,-1591.0
2010-12-31,8972.5,301448233.0,1130.89,29.9014,24231.0,22626.0,248049.59868,22.513814758237594,20.115996629157795,21.71059709521248,-7.270691777869431,11.679276063389587,1605.0,22.0
2011-01-31,9145.35,324753242.0,1167.07,29.1105,25668.0,24158.0,247840.462641,24.08802734740614,16.959810443816647,23.255102040816332,-8.646574070006096,9.831671258262386,1510.0,-836.0
2011-02-28,8599.65,317642855.0,1066.33,29.2779,21535.0,20887.0,248364.7585199999,20.75510731937671,27.834500771696536,30.112751510621074,-8.683773052919186,7.912796717231041,648.0,-145.0
2011-03-31,8683.3,315755135.0,1093.02,29.493,27621.0,26275.0,247634.714964,24.226239500801118,17.048054919908463,17.17356403853014,-7.339510070972799,5.896363413429451,1346.0,172.0
2011-04-30,9007.87,298643583.0,1166.77,28.9824,27621.0,24937.0,246484.4341790001,14.48356029051181,24.81247175779484,24.60400739519313,-7.924274145637888,4.169933795045622,2684.0,567.0
2011-05-31,8988.84,296032237.0,1155.02,28.7262,28252.0,27132.0,249057.2701,12.292235803340512,9.716504854368925,19.2039014103071,-9.763935353154595,1.962988052519976,1120.0,-1869.0
2011-06-30,8652.59,292665055.0,1094.39,28.8118,25538.0,24312.0,250133.69295,17.09048641787021,10.972059270846923,12.529507058551271,-10.51902555374734,2.081736741012419,1226.0,-182.0
2011-07-31,8644.18,283389205.0,1076.61,28.835,28542.0,25476.0,250635.449506,10.663570212743156,18.17654852600199,14.823996033713428,-10.15314627572561,2.8331605640262936,3066.0,1101.0
2011-08-31,7741.36,276521936.0,982.54,28.9674,26193.0,23573.0,248728.68131,4.530621876674812,7.454053167049568,6.290017134096848,-9.10619871664129,0.8726450184826984,2620.0,422.0
2011-09-30,7225.38,237635657.0,883.73,29.7395,25065.0,23223.0,249211.0734660001,-14.783457649234766,10.27276726792785,10.902578796561603,-6.009607787364491,1.9222377150254655,1842.0,52.0
2011-10-31,7587.69,230537896.0,943.94,30.259,27473.0,24133.0,248014.699812,-21.58219551957584,11.901755529306346,11.70099514001388,-1.7979424268977362,1.5608236082762295,3340.0,394.0
2011-11-30,6904.12,233228781.0,862.6,30.2215,25029.0,21903.0,250050.8075520001,-19.804202741124076,1.3935588414016653,-9.79366582924921,-0.31829276337490553,0.597124872663235,3126.0,2722.0
2011-12-31,7072.08,213175308.0,889.82,30.2505,24386.0,22053.0,251127.1950910001,-29.2829465681426,0.6396764475258943,-2.532484752055153,1.167503862695396,1.2407181577303694,2333.0,728.0
2012-01-31,7517.08,192726383.0,959.56,29.99,21384.0,21119.0,251632.8918400001,-40.65451608332212,-16.690042075736322,-12.579683748654691,3.02124662922314,1.5301896867798703,265.0,-1245.0
2012-02-29,8121.44,190184828.0,1028.19,29.534,23825.0,21103.0,253483.3908639999,-40.1262062072827,10.633851869050392,1.0341360654952947,0.8747212060974396,2.0609334329483087,2722.0,2074.0
2012-03-31,7933.0,212603340.0,1008.12,29.5158,26782.0,24748.0,254260.273082,-32.66828740568225,-3.037543897758954,-5.811607992388201,0.0773064795036138,2.675536876549467,2034.0,688.0
2012-04-30,7501.72,202439890.0,975.13,29.4433,25937.0,25371.0,254795.3652480001,-32.21354767900705,-6.096810397885665,1.7403857721458138,1.590275477531189,3.37178738961037,566.0,-2118.0
2012-05-31,7301.5,191134489.0,922.79,29.4668,26498.0,24247.0,257754.1592249999,-35.434569242538274,-6.208410024069089,-10.63320064868053,2.5781342467851687,3.4919234124376253,2251.0,1131.0
2012-06-30,7296.28,185503912.0,916.55,29.9052,24791.0,22259.0,257807.4331299999,-36.61562635142758,-2.925052862401123,-8.444389601842717,3.794972893050752,3.0678554694084426,2532.0,1306.0
2012-07-31,7270.49,183677252.0,904.76,29.9729,25538.0,25065.0,259298.346272,-35.18551562329271,-10.524840585803375,-1.6132830899670325,3.9462458817409285,3.4563733035667843,473.0,-2593.0
2012-08-31,7397.06,182991079.0,923.64,29.9426,25103.0,21761.0,259015.943424,-33.82402797874234,-4.161417172527015,-7.6867602765876235,3.366543079461737,4.135937222767883,3342.0,722.0
2012-09-30,7715.16,183932905.0,990.42,29.4763,27803.0,23492.0,258044.9142660001,-22.59877691671499,10.923598643526834,1.1583344098522907,-0.8850182417323826,3.544722422298463,4311.0,2469.0
2012-10-31,7166.05,193919328.0,937.68,29.2418,26947.0,23891.0,259135.09776,-15.883969028675438,-1.9146070687584227,-1.002776281440354,-3.36164446941406,4.483765662450434,3056.0,-284.0
2012-11-30,7580.17,175882613.0,1000.0,29.1145,25272.0,21932.0,261241.277976,-24.587946545070693,0.9708737864077666,0.13240195407022703,-3.6629551809142513,4.475278657787474,3340.0,214.0
2012-12-31,7699.5,173072709.0,1005.31,29.0445,26531.0,22334.0,262322.716188,-18.81202817354438,8.796030509308617,1.2742030562735263,-3.9867109634551534,4.458107809846323,4197.0,1864.0
2013-01-31,7850.02,181996929.0,1006.79,29.1,26076.0,25788.0,263769.3029160001,-5.567195229311183,21.94163860830527,22.108054358634412,-2.967655885295084,4.8230622742740925,288.0,23.0
2013-02-28,7897.98,177862120.0,1004.62,29.6321,19965.0,19274.0,266749.3712,-6.479332830902784,-16.201469045120675,-8.667014168601616,0.3321595449312653,5.233471230909026,691.0,-2031.0
2013-03-31,7918.61,176308570.0,987.25,29.7448,27763.0,24968.0,268070.27536,-17.071589750189254,3.6629079232320283,0.8889607240989195,0.7758556434181108,5.431443186386509,2795.0,761.0
2013-04-30,8093.66,179800984.0,1032.95,29.8268,25557.0,23627.0,268518.417054,-11.183026230650494,-1.4650884836334144,-6.873989988569629,1.302503455794679,5.385911079129269,1930.0,1364.0
2013-05-31,8254.8,177538065.0,1024.93,29.7755,27151.0,22702.0,271300.2944400001,-7.113537735201724,2.4643369310891394,-6.371922299665933,1.0476196940285343,5.2554477707478675,4449.0,2198.0
2013-06-30,8062.21,188298223.0,1015.35,29.9285,27024.0,23878.0,270357.2086719999,1.506335348873944,9.007301036666536,7.273462419695398,0.07791287134009117,4.867887395501036,3146.0,614.0
2013-07-31,8107.94,191927963.0,1002.93,29.9373,25819.0,22955.0,270355.811468,4.491961258218291,1.1003210901401772,-8.418112906443243,-0.11877395914309252,4.264379374174987,2864.0,2391.0
2013-08-31,,185571482.0,987.96,29.9414,26039.0,21515.0,270173.9730479999,1.410125025821607,3.7286380113930706,-1.1304627544690082,-0.004007668004768483,4.307854364676933,4524.0,1182.0
2013-09-30,8173.87,186556625.0,1010.65,29.6225,25732.0,23399.0,268962.543405,1.4264549347491773,-7.4488364564974985,-0.3958794483228334,0.4959916950227905,4.230902658963354,2333.0,-1978.0
2013-10-31,,185176553.0,1061.64,29.3768,27189.0,23279.0,270214.626978,-4.508459827171018,0.8980591531524862,-2.561634088150344,0.46166788638182243,4.275580310723237,3910.0,854.0
2013-11-30,8406.83,187478071.0,1049.27,29.5179,26297.0,21910.0,270685.9903019999,6.592725569752589,4.055872111427661,-0.10031004924311304,1.3855638942794846,3.615321590513565,4387.0,1047.0
2013-12-31,8611.51,188153164.0,1064.45,29.7233,26815.0,24715.0,270656.639661,8.713363930762764,1.0704458934830852,10.66087579475239,2.3371034102842136,3.1769736125434545,2100.0,-2097.0
2014-01-31,8462.57,195704315.0,1027.22,30.1357,24779.0,21848.0,271760.317675,7.531657855611407,-4.973922380733242,-15.27842407321235,3.5591065292096102,3.029546907338476,2931.0,2643.0
2014-02-28,,194870445.0,1040.51,30.3063,21598.0,20284.0,270115.7746320001,9.562646054145763,8.179313799148513,5.2402199854726605,2.275235302256662,1.262009884730353,1314.0,623.0
2014-03-31,8849.28,202697018.0,1075.78,30.3995,28304.0,26617.0,271215.8842140001,14.96719529856092,1.9486366747109463,6.604453700736945,2.2010569914741263,1.1734269492489346,1687.0,-1108.0
2014-04-30,8791.44,203107633.0,1092.71,30.1927,27153.0,24778.0,271986.50855,12.962470216514511,6.244864420706664,4.871545266009236,1.2267490981265228,1.2915655968963158,2375.0,445.0
2014-05-31,9075.91,198055910.0,1133.84,30.1167,27179.0,22005.0,273715.5899520001,11.556870916667927,0.10312695664984606,-3.0702140780548004,1.1459085489748277,0.8902664543676719,5174.0,725.0
2014-06-30,9393.07,207812433.0,1194.29,29.99,27452.0,25610.0,273922.2297039999,10.363459457607306,1.5837773830668977,7.253538822346939,0.20548975057219643,1.3186336142141153,1842.0,-1304.0
2014-07-31,9315.85,212140412.0,1176.07,29.9491,27298.0,24960.0,276666.3084570001,10.531268442629171,5.728339594872001,8.734480505336517,0.03941571217178641,2.334145123322817,2338.0,-526.0
2014-08-31,9436.27,216458512.0,1211.45,29.9729,28585.0,24552.0,278629.15227,16.6442761932569,9.77764123046201,14.115733209388793,0.10520550141275287,3.129531363296034,4033.0,-491.0
2014-09-30,8966.92,210332097.0,1132.13,30.131,26931.0,23419.0,283758.610608,12.744372921626335,4.659567853256652,0.08547373819394188,1.7166005570090404,5.501162732804876,3512.0,1179.0
2014-10-31,,213704341.0,1163.05,30.3964,27372.0,23045.0,285103.2254399999,15.405723639320579,0.6730663135827042,-1.0051978177756826,3.470766046676288,5.509915813407118,4327.0,417.0
2014-11-30,9187.15,199287604.0,1181.93,30.7278,27287.0,23102.0,287839.3617680001,6.2991543154932605,3.76468798722287,5.440438156093119,4.098868821969037,6.337000096260059,4185.0,-202.0
2014-12-31,9307.26,197433810.0,1146.88,31.3519,26154.0,21630.0,289190.05152,4.932495315359131,-2.4650382248741387,-12.482298199474007,5.479203184034076,6.8475733247162385,4524.0,2424.0
2015-01-31,9361.91,204246599.0,1155.42,31.6385,25491.0,21108.0,295007.900057,4.364893027524719,2.873400863634523,-3.387037715122665,4.986776481050725,8.554443334807239,4383.0,1452.0
2015-02-28,9622.1,208445011.0,1202.36,31.5537,20171.0,15684.0,296879.161258,6.965943963436838,-6.60709324937494,-22.677972786432655,4.1159758862018725,9.908116866725681,4487.0,3173.0
2015-03-31,9586.44,205078345.0,1192.23,31.4382,25643.0,21938.0,300610.129545,1.174820933971521,-9.401498021481059,-17.578990870496302,3.416832513692647,10.8379512565004,3705.0,2018.0
2015-04-30,9820.05,213888854.0,1251.51,30.9709,23802.0,19296.0,297333.004698,5.308131871144406,-12.341177770412104,-22.124465251432724,2.5774442166484057,9.31902699259821,4506.0,2131.0
2015-05-31,9701.07,216114407.0,1251.06,30.6185,26024.0,20733.0,301299.9300699999,9.117878380907696,-4.249604474042457,-5.780504430811185,1.6661852062144877,10.077738035614647,5291.0,117.0
2015-06-30,9323.02,201359226.0,1207.17,30.8982,23385.0,21452.0,299639.656029,-3.1053036177099202,-14.814949730438586,-16.235845372901213,3.0283427809269847,9.388586809033473,1933.0,91.0
2015-07-31,8665.34,188111602.0,1109.94,31.1909,23833.0,20544.0,302542.452,-11.326842336857535,-12.693237599824158,-17.692307692307697,4.146368338280615,9.35283507678044,3289.0,951.0
2015-08-31,8174.92,157587769.0,1020.85,32.1914,24412.0,20836.0,302600.7184319999,-27.197240919774966,-14.598565681301379,-15.135223199739334,7.40168618985817,8.603394858973946,3576.0,-457.0
2015-09-30,8181.24,127156791.0,987.92,32.6695,22979.0,18054.0,303707.5351249999,-39.54475193579228,-14.674538635772905,-22.90874930611896,8.424878032591021,7.030244641477479,4925.0,1413.0
2015-10-31,8554.31,130907312.0,1038.86,32.4367,24450.0,18715.0,305520.6782160001,-38.74372818659776,-10.675142481367816,-18.789325233239317,6.712308036478021,7.161424689071794,5735.0,1408.0
2015-11-30,8320.61,140003079.0,1011.71,32.6084,22605.0,20458.0,309445.881525,-29.748225082780365,-17.158353794847358,-11.444896545753613,6.120190836961981,7.506450689817323,2147.0,-2038.0
2015-12-31,8338.06,148965243.0,1002.0,32.7905,22549.0,18402.0,307441.436871,-24.54927400732427,-13.783742448573832,-14.923717059639385,4.588557631275947,6.311207890821158,4147.0,-377.0
2016-01-31,8145.21,146277108.0,954.1,33.4332,22187.0,18647.0,308568.6657060001,-28.382108335620316,-12.961437370052176,-11.659086602236124,5.67251924079839,4.596746611321256,3540.0,-843.0
2016-02-29,8411.16,,996.0,33.2385,17752.0,13583.0,310440.485568,,-11.992464429130933,-13.395817393522059,5.339468905389877,4.567961002225629,4169.0,-318.0
2016-03-31,8744.83,135489803.0,1086.77,32.5874,22717.0,18186.0,306356.4322140001,-33.93266217357079,-11.41052138985298,-17.10274409700063,3.6554255650768974,1.9115465861704761,4531.0,826.0
2016-04-30,8377.9,138750427.0,1028.59,32.32,22230.0,17439.0,305633.8375679999,-35.129659912058806,-6.604487017897654,-9.623756218905477,4.356024526248836,2.791763019524529,4791.0,285.0
2016-05-31,8535.59,135113657.0,1047.9,32.539,23539.0,20025.0,308958.9982399999,-37.48049522677125,-9.548877958807257,-3.414845897844021,6.272351682806154,2.542007948100289,3514.0,-1777.0
2016-06-30,8666.58,129949926.0,1080.84,32.3,22860.0,19295.0,309935.9195519999,-35.46363452946526,-2.2450288646568284,-10.055006526198017,4.536833860872158,3.4362152391482548,3565.0,1632.0
2016-07-31,8984.41,129877625.0,1137.97,32.101,24092.0,20415.0,311535.124073,-30.95714266470391,1.0867284857130954,-0.6279205607476634,2.917838215633406,2.972367022727762,3677.0,388.0
2016-08-31,9068.85,133675280.0,1156.41,31.5374,24629.0,20635.0,312593.2526079999,-15.17407673942005,0.8889070948713718,-0.9646765214052611,-2.0315985014631277,3.302217598087265,3994.0,418.0
2016-09-30,9166.85,135139733.0,1187.12,31.4562,22553.0,18176.0,312882.7347280001,6.278030404211754,-1.8538665738282778,0.6757505261991703,-3.7138615528245045,3.021064195599865,4377.0,-548.0
2016-10-31,9290.12,133429975.0,1207.4,31.586,26736.0,22309.0,316820.102966,1.927060422721083,9.349693251533742,19.203847181405287,-2.622646570088827,3.698415706583136,4427.0,-1308.0
2016-11-30,9240.71,127701310.0,1182.94,31.7495,25330.0,21021.0,320845.0493359999,-8.786784610644172,12.054855120548558,2.7519796656564566,-2.6339838814538608,3.6837355064552657,4309.0,2162.0
2016-12-31,9253.5,129624180.0,1168.64,32.0005,25696.0,20837.0,322988.7242560001,-12.983607860794756,13.95627300545479,13.232257363330069,-2.4092343819093864,5.056991517875198,4859.0,712.0
2017-01-31,9447.95,132114191.0,1227.63,31.6458,23742.0,20236.0,321298.0695919999,-9.682251169472122,7.0086086447018525,8.521477985734972,-5.346182836222669,4.125306714755084,3506.0,-34.0
2017-02-28,9750.47,130447872.0,1284.63,30.8547,22642.0,19285.0,323261.228871,,27.54619197836863,41.978944268571006,-7.171803781759111,4.129855447024711,3357.0,-812.0
2017-03-31,9811.52,174358869.0,1309.74,30.6487,25696.0,21724.0,322457.5370520001,28.687816455087777,13.113527314346074,19.45452545914439,-5.949231911720487,5.255677095349154,3972.0,-559.0
2017-04-30,9872.0,143441886.0,1338.7,30.3585,24293.0,21515.0,319780.0327319999,3.381221306079296,9.280251911830861,23.372899822237514,-6.068997524752473,4.628478075780018,2778.0,-2013.0
2017-05-31,10040.72,143381272.0,1372.72,30.1282,25508.0,22061.0,318028.201128,6.1190076440607255,8.364841327159178,10.16729088639201,-7.408955407357332,2.935406620186898,3447.0,-67.0
2017-06-30,10395.07,142066652.0,1420.41,30.2595,25813.0,19960.0,317627.5277009999,9.324149980662554,12.917760279965007,3.4464887276496547,-6.317337461300299,2.481676909252073,5853.0,2288.0
2017-07-31,10427.33,146530180.0,1437.97,30.392,27086.0,21684.0,315718.2560079999,12.8217273760588,12.427361779843938,6.2160176340925855,-5.323821687797892,1.3427480921925472,5402.0,1725.0
2017-08-31,10585.78,149543782.0,1453.58,30.233,27758.0,22032.0,315854.8770940001,11.870932307005443,12.704535303910024,6.770050884419665,-4.13604165213366,1.0434084737236393,5726.0,1732.0
2017-09-30,10383.94,156251132.0,1405.28,30.1305,28867.0,22204.0,316438.3740860001,15.621903737222853,27.99627544007448,22.161091549295776,-4.214431495221915,1.1364127717341077,6663.0,2286.0
2017-10-31,10793.8,164080318.0,1499.75,30.2519,27543.0,22280.0,318780.908661,22.971107504142154,3.0184021543985695,-0.12999237975704903,-4.223706705502439,0.6189019183578948,5263.0,836.0
2017-11-30,10560.44,167560686.0,1442.36,30.0835,28798.0,22914.0,318258.6008450001,31.212973461274586,13.691275167785232,9.005280433851869,-5.247326729554802,-0.8061363254170506,5884.0,1575.0
2017-12-31,10642.86,175542607.0,1456.35,29.9545,29504.0,23371.0,317034.7215,35.42427577941092,14.819427148194265,12.161059653500983,-6.393650099217208,-1.8434088588433095,6133.0,1274.0
2018-01-31,,174476468.0,1568.93,29.4005,27364.0,24709.0,312756.089616,32.064895284413474,15.255665066127545,22.104170784740074,-7.095096347698593,-2.658584281831178,2655.0,-851.0
2018-02-28,10815.47,176131246.0,1525.0,29.2458,22355.0,19270.0,315876.0078569999,35.02040569891396,-1.2675558696228273,-0.07778065854291416,-5.214440587657643,-2.284598446832997,3085.0,-272.0
2018-03-31,10919.49,166131836.0,1533.54,29.1991,29985.0,23973.0,314463.9645360001,-4.718448248250562,16.691313823163135,10.35260541336771,-4.7297275251478865,-2.4789535357366943,6012.0,2040.0
2018-04-30,10657.88,174123852.0,1457.61,29.3767,26717.0,22563.0,317880.45016,21.38982333235635,9.97818301568354,4.871020218452249,-3.234020126159065,-0.5940278871607529,4154.0,1376.0
2018-05-31,10874.96,174860759.0,1446.79,29.8673,29105.0,24685.0,322786.55564,21.955089783273785,14.101458366002827,11.894293096414476,-0.8659661048452949,1.4962052091993083,4420.0,973.0
2018-06-30,10836.91,184532609.0,1415.98,30.0848,28241.0,23002.0,324990.682604,29.891573006168958,9.4061131987758,15.240480961923852,-0.5773393479733602,2.318172784422945,5239.0,-614.0
2018-07-31,11057.51,186734528.0,1479.42,30.5429,28355.0,26047.0,326362.4962559999,27.43758862508734,4.685077161633311,20.12082641579045,0.49651224006317385,3.3714364137784614,2308.0,-3094.0
2018-08-31,11063.94,183954233.0,1491.4,30.7039,28277.0,23665.0,328159.537062,23.010285375823926,1.8697312486490425,7.411946259985469,1.5575695432143766,3.895668821456244,4612.0,-1114.0
2018-09-30,11006.34,172584583.0,1506.89,30.7253,29620.0,25253.0,330005.8921970001,10.453332907693746,2.608514913222715,13.731760043235465,1.9740794211845047,4.287570415626241,4367.0,-2296.0
2018-10-31,9802.13,157807736.0,1336.69,30.8823,29545.0,26157.0,332949.3670940001,-3.8228728932619416,7.2686344987837215,17.401256732495508,2.08383605657827,4.444575584062727,3388.0,-1875.0
2018-11-30,9888.03,124846217.0,1308.44,30.806,27782.0,23114.0,333550.1335,-25.49193967849953,-3.528022779359674,0.8728288382648053,2.4016487443282886,4.804750795233725,4668.0,-1216.0
2018-12-31,9727.41,126123958.0,1297.55,30.7822,28562.0,23893.0,332029.6227599999,-28.151939773800894,-3.1927874186550964,2.2335372898036,2.763190839439811,4.729734708253375,4669.0,-1464.0
2019-01-31,9932.26,126154518.0,1311.18,30.808,27303.0,26397.0,330580.2889899999,-27.695396722496703,-0.2229206256395222,6.831518879760412,4.787333548749162,5.699073484351436,906.0,-1749.0
2019-02-28,10389.17,117815687.0,1372.05,30.7989,20396.0,15464.0,331861.9842000001,-33.109150320778404,-8.763140237083423,-19.75090814737934,5.310506123956271,5.060839046135235,4932.0,1847.0
2019-03-31,10641.04,122488087.0,1403.24,30.8567,28628.0,25546.0,334289.769818,-26.27055117840268,-4.525596131399034,6.561548408626372,5.676887301320921,6.304635035449402,3082.0,-2930.0
2019-04-30,10967.73,127764482.0,1460.73,30.8468,25790.0,23138.0,335431.9703279999,-26.624365052525945,-3.4697009394767386,2.548419979612637,5.004306133772696,5.5214217040291835,2652.0,-1502.0
2019-05-31,10498.49,132380085.0,1351.74,31.2218,27475.0,23032.0,337127.9962600001,-24.294000691144202,-5.600412300292046,-6.696374316386466,4.535060082431297,4.4430105186893165,4443.0,23.0
2019-06-30,10730.83,124624211.0,1404.05,31.2895,28532.0,24654.0,335897.806235,-32.46493848683405,1.0304167699443978,7.181984175289102,4.004347710471734,3.3561342570212593,3878.0,-1361.0
2019-07-31,10823.81,124285598.0,1428.45,31.0768,28115.0,24461.0,339700.50596,-33.44262610072841,-0.8464115676247608,-6.088992974238872,1.748033094434387,4.086869617989963,3654.0,1346.0
2019-08-31,10618.05,129602865.0,1390.23,31.3886,28756.0,22765.0,342143.991397,-29.546136076140193,1.693956218835102,-3.803084724276362,2.2300098684531866,4.261480394628259,5991.0,1379.0
2019-09-30,10829.68,132678960.0,1446.09,31.0745,28245.0,25084.0,344375.3458789999,-23.122356763465945,-4.642133693450368,-0.6692274185245317,1.1365226702424458,4.35430215695114,3161.0,-1206.0
2019-10-31,,137020642.0,1568.44,30.7014,29149.0,25193.0,342525.256008,-13.17241760568696,-1.3403283127432775,-3.6854379324846143,-0.5857724327527403,2.8760796266347644,3956.0,568.0
2019-11-30,11489.57,141395612.0,1594.24,30.4674,28580.0,24298.0,345291.637635,13.255824163258389,2.8723634007630894,5.122436618499604,-1.0991365318444468,3.5201617255536277,4282.0,-386.0
2019-12-31,11997.14,141117047.0,1710.26,30.259,29653.0,27133.0,345760.1637819999,11.887582056376633,3.8197605209719265,13.560457037626072,-1.6996835833696045,4.135336150993019,2520.0,-2149.0
2020-01-31,11495.1,144617307.0,1630.57,30.02,25042.0,21607.0,347965.0557020001,14.635059681334607,-8.281141266527491,-18.146001439557523,-2.557777200727085,5.2588636682225465,3435.0,2529.0
2020-02-29,11292.17,132099808.0,1600.83,30.1574,25255.0,21974.0,349294.8214400001,12.12412486293102,23.82329868601687,42.09777547853078,-2.0828665958849246,5.253038332192306,3281.0,-1651.0
2020-03-31,9708.06,136136454.0,1388.47,30.1305,28252.0,25470.0,351982.4129650001,11.142607688860394,-1.3133994690512796,-0.29750254442965085,-2.3534597024309045,5.292606817322776,2782.0,-300.0
2020-04-30,10992.14,91965082.0,1575.27,30.0732,25317.0,23037.0,352591.6749179999,-28.019837312845674,-1.83404420317953,-0.4365113665831144,-2.507877640468381,5.115703363999713,2280.0,-372.0
2020-05-31,10942.16,106589473.0,1528.46,29.9205,27009.0,22285.0,353140.211295,-19.4822446291676,-1.696087352138309,-3.243313650573121,-4.167921132029551,4.749595172348409,4724.0,281.0
2020-06-30,11621.24,117647157.0,1664.17,29.6523,27298.0,22442.0,355231.931355,-5.598473959445971,-4.324968456469924,-8.97217490062464,-5.232426213266428,5.7559545674655155,4856.0,978.0
2020-07-31,12664.8,127145160.0,1931.09,29.4068,28357.0,22965.0,351130.2932799999,2.30079916419601,0.8607504890627782,-6.115857896243004,-5.3737836585491365,3.3646659688360447,5392.0,1738.0
2020-08-31,12591.45,147657104.0,1880.84,29.3771,31305.0,24807.0,351092.0752849999,13.9304320162984,8.864237028793998,8.969909949483856,-6.408377563828916,2.6152976854757037,6498.0,507.0
2020-09-30,12515.61,154837447.0,1922.11,29.1971,30961.0,23776.0,354935.402316,16.700829581419697,9.615861214374233,-5.214479349386059,-6.041609679962678,3.0664379908051043,7185.0,4024.0
2020-10-31,12546.34,151853642.0,1945.16,28.6952,32616.0,25076.0,355077.119436,10.825376223240868,11.89406154585062,-0.46441471837415094,-6.534555427439792,3.664507421813834,7540.0,3584.0
2020-11-30,13722.89,156529360.0,2140.63,28.5372,32340.0,27014.0,358995.4192350001,10.703124224251038,13.15605318404478,11.177874722199356,-6.3352960869650925,3.968755714404537,5326.0,1044.0
2020-12-31,14732.53,171763752.0,2362.16,28.2029,33441.0,27600.0,367925.1559650001,21.717223858858105,12.774424172933596,1.7211513654958877,-6.795003139561784,6.410510667439162,5841.0,3321.0
2021-01-31,15138.31,190297027.0,2534.81,28.0061,34812.0,28529.0,375819.2198979999,31.586620541896828,39.01445571439981,32.035914287036604,-6.708527648234508,8.004873977878479,6283.0,2848.0
2021-02-28,15953.8,193416254.0,2642.96,27.9411,28213.0,23630.0,377500.731496,46.41675633623934,11.712532171847156,7.536179120779107,-7.349108344883848,8.075101125094974,4583.0,1302.0
2021-03-31,,210623996.0,2604.39,28.2683,35846.0,32193.0,380356.453972,54.715353464399776,26.87951295483506,26.395759717314494,-6.180448382867865,8.061209867841136,3653.0,871.0
2021-04-30,17566.66,232797142.0,2785.15,28.2382,35234.0,29036.0,376820.8873500001,153.13644802708924,39.17130781688194,26.040717107262235,-6.101778327547458,6.871748301384328,6198.0,3918.0
2021-05-31,17068.43,260221861.0,2760.04,27.9165,37539.0,31348.0,375849.914578,144.13467266134248,38.98700433188937,40.66861117343505,-6.697749034942602,6.430789402238091,6191.0,1467.0
2021-06-30,17755.46,246356191.0,2728.48,27.78,36586.0,31449.0,380870.019228,109.40258760354062,34.02447065719101,40.13456911148738,-6.314181361985405,7.217281333692571,5137.0,281.0
2021-07-31,17247.41,289131431.0,2680.31,27.9971,37804.0,31917.0,380099.978552,127.40262468504504,33.31452551398244,38.9810581319399,-4.7937891916155495,8.250408986757218,5887.0,495.0
2021-08-31,17490.29,293619248.0,2801.03,27.8591,39571.0,36081.0,381657.5289380001,98.85209722114014,26.404727679284456,45.44684967952595,-5.167290168192218,8.70582271849587,3490.0,-3008.0
2021-09-30,16934.77,268328004.0,2677.37,27.721,39687.0,33248.0,386762.771412,73.29658244752642,28.18384419107911,39.83849259757739,-5.055639087443609,8.967087782261851,6439.0,-746.0
2021-10-31,16987.41,253184668.0,2679.33,27.9225,40062.0,33958.0,386257.3773239999,66.72940119539577,22.829286239882272,35.42032222044984,-2.6927848560037937,8.781263613247226,6104.0,-1436.0
2021-11-30,17427.76,263063087.0,2740.6,27.809,41618.0,35764.0,390729.3681600001,68.0599007112787,28.688930117501556,32.39061227511662,-2.5517570048918525,8.839652882653294,5854.0,528.0
2021-12-31,18218.84,278462124.0,2893.03,27.7481,40720.0,34947.0,391833.6771439999,62.11926018011064,21.76669357973744,26.619565217391305,-1.6126001226824171,6.498202363002914,5773.0,-68.0
2022-01-31,17674.4,283575969.0,2837.18,27.672,39950.0,34952.0,394367.615622,49.01755086273629,14.759278409743759,22.513933190788315,-1.192954392078871,4.935456927677695,4998.0,-1285.0
2022-02-28,17652.18,256188672.0,2770.76,27.8716,37372.0,31564.0,394299.498504,32.45457230290481,32.46375784212952,33.5759627592044,-0.24873752286057593,4.449995882505453,5808.0,1225.0
2022-03-31,17693.47,273849123.0,2704.13,28.4313,43227.0,39087.0,396969.2426000001,30.01800753984365,20.590860904982435,21.414593234554104,0.5766176246891463,4.367689427776367,4140.0,487.0
2022-04-30,16592.18,265675623.0,2451.93,29.0933,41059.0,37243.0,405459.97668,14.123232234526316,16.5323267298632,28.26491252238601,3.028167517759628,7.600186266585385,3816.0,-2382.0
2022-05-31,16807.77,252497763.0,2530.22,29.5995,41992.0,40407.0,406648.67287,-2.9682740605717184,11.862329843629293,28.898175322189612,6.0286927086131925,8.194430036409738,1585.0,-4606.0
2022-06-30,14825.73,242845808.0,2139.17,29.6029,42136.0,38438.0,413443.7979679999,-1.4249217710952555,15.169737057890998,22.22328213933671,6.561915046796263,8.55246595834056,3698.0,-1439.0
2022-07-31,15000.07,193411080.0,2178.9,29.8745,43162.0,39310.0,413879.975476,-33.10617274259609,14.173103375304198,23.163204561832252,6.705694518360827,8.887134656698926,3852.0,-2035.0
2022-08-31,15095.44,190023702.0,2129.31,30.09,40115.0,38221.0,419168.0061520001,-35.28227345640501,1.3747441308028518,5.931099470635504,8.007796375331576,9.828307938369928,1894.0,-1596.0
2022-09-30,13424.58,195241476.0,1786.96,31.2786,36800.0,32563.0,422779.3445609999,-27.23775636925321,-7.274422354927301,-2.0602743022136716,12.833591861765449,9.312316440775813,4237.0,-2202.0
2022-10-31,12949.75,177739062.0,1688.43,31.959,39612.0,37957.0,422967.9520399999,-29.79864720718397,-1.123258948629624,11.776311914718175,14.456083803384367,9.504174385051666,1655.0,-4449.0
2022-11-30,,166888209.0,2071.95,31.433,36608.0,34199.0,419975.366148,-36.55962495414645,-12.038060454610989,-4.375908735040824,13.0317523104031,7.484975630504431,2409.0,-3445.0
2022-12-31,14137.69,167705100.0,1950.79,30.6524,35744.0,31895.0,416977.569596,-39.774538242048315,-12.220039292730844,-8.733224597247258,10.466662582302932,6.416980958673357,3849.0,-1924.0
2023-01-31,15265.2,166079190.0,2198.94,30.3865,31726.0,30410.0,413167.2202259999,-41.433968969352264,-20.585732165206505,-12.994964522774088,9.809554784619845,4.767025450187878,1316.0,-3682.0
2023-02-28,15503.79,154012577.0,2161.39,30.2289,31001.0,29486.0,420212.3409240002,-39.883143232812415,-17.04752220914053,-6.583449499429728,8.457713227801777,6.571867962884892,1515.0,-4293.0
2023-03-31,15868.06,164044928.0,2218.74,30.5352,35221.0,31747.0,416492.9193930002,-40.09660275596355,-18.52083188747773,-18.778622048251336,7.399943020544253,4.9181837527580985,3474.0,-666.0
2023-04-30,15579.18,169254982.0,2123.78,30.5595,35796.0,29678.0,416564.6627760001,-36.29261876239206,-12.818139750115687,-20.31254195419273,5.03964830390502,2.7387872378743294,6118.0,2302.0
2023-05-31,16578.96,177498431.0,2276.45,30.7291,36083.0,32063.0,424017.4702879999,-29.70296889323333,-14.071727948180602,-20.649887395748255,3.816280680416906,4.2712047466960446,4020.0,2435.0
2023-06-30,16915.54,184274339.0,2268.33,30.8405,32205.0,26893.0,424663.6648920001,-24.118789400721298,-23.5689196886273,-30.035381653571992,4.180671488266352,2.713758672676625,5312.0,1614.0
2023-07-31,17145.43,199156773.0,2250.66,31.2005,38455.0,30578.0,421831.6480409999,2.970715535014845,-10.905426069227564,-22.213177308572885,4.438568009506438,1.9212508543943851,7877.0,4025.0
2023-08-31,16634.51,222303892.0,2153.94,31.8239,37144.0,28818.0,425181.988371,16.987454543960002,-7.40620715443101,-24.601658773972424,5.762379528082406,1.4347426642144612,8326.0,6432.0
2023-09-30,16353.74,219908905.0,2073.32,32.0435,38621.0,28676.0,428911.9242299999,12.634318027794468,4.948369565217381,-11.93686085434389,2.4454419315442566,1.4505390927666673,9945.0,5708.0
2023-10-31,16001.27,230869278.0,2038.03,32.3024,38001.0,32719.0,426956.4315240002,29.892256323486176,-4.066949409269915,-13.799826119029424,1.074501705309916,0.942974394339724,5282.0,3627.0
2023-11-30,17433.85,223981913.0,2301.97,31.875,37901.0,28369.0,425653.072959,34.210747626873996,3.5320148601398538,-17.047282084271465,1.4061654948620772,1.351914247513064,9532.0,7123.0
2023-12-31,17930.81,237793287.0,2420.36,31.2515,40183.0,29523.0,425287.2772999998,41.79251972659151,12.418867502238129,-7.436902335789308,1.9544962221555329,1.992842855324528,10660.0,6811.0
2024-01-31,17889.56,249729179.0,2397.75,31.2114,36972.0,34944.0,428262.7552999999,50.367531898487705,16.53533379562504,14.909569220651097,2.7146923798397227,3.6536139207129947,2028.0,712.0
2024-02-29,18966.77,246644806.0,2533.93,31.433,31367.0,23661.0,428922.246298,60.145886007738184,1.1806070771910537,-19.755138031608222,3.9832742838806556,2.072739071595975,7706.0,6191.0
2024-03-31,20294.45,258584531.0,2751.57,31.6924,41637.0,33416.0,429062.6379,57.63031149612867,18.21640498566197,5.257189655715511,3.7897246456548572,3.0179909241480063,8221.0,4747.0
2024-04-30,20396.6,282880501.0,2685.81,32.335,37195.0,31800.0,430234.7385540001,67.13274708805912,3.908257905911272,7.150077498483731,5.8099772574813136,3.281621558319947,5395.0,-723.0
2024-05-31,21174.22,287756411.0,2825.29,32.3286,37438.0,31987.0,432781.30665,62.11772091664292,3.755230995205494,-0.2370333406106706,5.205163834931725,2.0668573764301534,5451.0,1431.0
2024-06-30,23032.25,300628955.0,3161.38,32.3768,39822.0,35750.0,435854.5778429999,63.14206125031874,23.65160689333954,32.93422080095192,4.981436747134471,2.635241457223758,4072.0,-1240.0
2024-07-31,22199.35,326590178.0,3005.99,32.645,39751.0,35742.0,430390.43502,63.98647812997049,3.3701729293980076,16.88795866309112,4.629733497860622,2.0289580022616605,4009.0,-3868.0
2024-08-31,22268.09,325855465.0,3095.29,32.2359,44107.0,33059.0,430013.1032639999,46.58108864778669,18.74596166271807,14.71649663404817,1.294624480343387,1.136246366293503,11048.0,2722.0
2024-09-30,22224.54,309735143.0,3143.16,31.956,40625.0,33979.0,426084.5124690001,40.84702163379879,5.188886875016174,18.492816292369916,-0.2730663004977707,-0.6592056786659972,6646.0,-3299.0
2024-10-31,22820.43,317287794.0,3270.53,32.0905,41162.0,34745.0,433186.5416220001,37.43179549424502,8.318202152574926,6.192120786087596,-0.6559884095299395,1.459191064475096,6417.0,1135.0
2024-11-30,22262.5,326831775.0,3128.12,32.3553,40849.0,33555.0,439889.075712,45.91882470438584,7.778158887628295,18.28051746624837,1.5068235294117605,3.3445083936634035,7294.0,-2238.0
2024-12-31,23035.1,141438780.0,3262.87,32.5743,43442.0,38476.0,442191.3101839999,-40.52028054097254,8.110394943135146,30.325508925244726,4.232756827672279,3.974732795045721,4966.0,-5694.0
2025-01-31,23525.41,327869937.0,3374.09,32.8771,38723.0,29414.0,442991.1438420002,31.290199372336858,4.7360164448772,-15.825320512820518,5.336832054954277,3.4391009630718505,9309.0,7281.0
2025-02-28,23053.18,305710045.0,3215.44,32.8111,41245.0,35457.0,441239.5209600001,23.947489492237683,31.49169509356968,49.854190439964505,4.384245856265712,2.871680069828453,5788.0,-1918.0
2025-03-31,20695.9,326111501.0,2848.51,32.979,49369.0,43551.0,435029.7615959999,26.1140794999837,18.57002185556116,30.32978214029207,4.059648369956204,1.3907348645422424,5818.0,-2403.0
2025-04-30,20235.03,298816467.0,2918.12,32.6441,49011.0,42548.0,429780.8996319999,5.633462166414938,31.76771071380562,33.79874213836478,0.9559301066955239,-0.10548634996920825,6463.0,1068.0
2025-05-31,21347.3,209350024.0,3289.84,30.2214,52987.0,40791.0,437048.925944,-27.247485721525766,41.532667343341004,27.523681495607597,-6.5180675934002785,0.986091411164236,12196.0,6745.0
2025-06-30,22256.02,222950998.0,3578.98,29.623,53757.0,42304.0,435538.8096000001,-25.83848152617235,34.993219828235645,18.332867132867126,-8.505473054779966,-0.07244807306200363,11453.0,7381.0
2025-07-31,23542.52,223751199.0,3755.16,29.3395,56390.0,42980.0,441260.802664,-31.48869314740996,41.858066463736755,20.250685468076778,-10.125593505896768,2.5256991697538256,13410.0,9401.0
2025-08-31,24233.1,233410441.0,3709.45,30.1538,57727.0,42261.0,436512.8269299999,-28.369947393701068,30.87945224114086,27.835082730875094,-6.458947943131732,1.5115175832234096,15466.0,4418.0
2025-09-30,25820.54,261541660.0,4067.02,30.3695,54299.0,42559.0,439792.0506869999,-15.559578591312773,33.659076923076924,25.250890255746206,-4.964638878457883,3.217093749446498,11740.0,5094.0
2025-10-31,28233.35,281879913.0,4504.17,30.6032,61316.0,39761.0,441842.824111,-11.15954715862786,48.96263544045478,14.436609584112814,-4.634704974992587,1.998280569056421,21555.0,15138.0
2025-11-30,27626.48,300318118.0,4265.96,31.1344,63688.0,48813.0,441473.43997,-8.11232536983284,55.910793409875396,45.471613768439866,-3.773415792775836,0.36017358590585413,14875.0,7581.0
2025-12-31,28963.6,322826443.0,4523.94,31.3523,62462.0,43862.0,439979.380176,128.24464619957837,43.782514617190735,13.998336625428841,-3.7514236683520497,-0.5002201438738085,18600.0,13634.0
2026-01-31,32063.75,346633323.0,5004.04,31.518,65784.0,47540.0,437419.539249,5.722813799790383,69.88353175115564,61.62371659753858,-4.133880421326697,-1.2577236972907468,18244.0,8935.0
2026-02-28,35414.49,384045976.0,5647.13,31.4705,49947.0,37728.0,440429.4273390001,25.624258110328046,21.098314947266328,6.404941196378711,-4.085812423234825,-0.18359498243436523,12219.0,6431.0
2026-03-31,31722.99,376616368.0,4863.8,31.87,79603.0,59906.0,440054.8003860001,15.486993511461588,61.24085964876744,37.5536727055636,-3.36274598987234,1.1551023018665951,19697.0,13879.0
2026-04-30,38926.63,384200709.0,6126.83,31.6782,67988.0,54567.0,439125.7887519999,28.57414213387377,38.71987921078941,28.24809626774467,-2.9588807778434756,2.174337930792536,13421.0,6958.0
2026-05-31,44732.94,470389635.0,7201.67,31.503,,,,124.69050923060796,,,4.240703607377561,,,
2026-06-30,47741.51,572635489.0,7412.39,,,,,156.84365359961294,,,,,,
